<?xml version="1.0" encoding="UTF-8"?>
<metadata xml:lang="en"><Esri><CreaDate>20190515</CreaDate><CreaTime>09475200</CreaTime><ArcGISFormat>1.0</ArcGISFormat><SyncOnce>TRUE</SyncOnce><DataProperties><itemProps><itemLocation><linkage Sync="TRUE">file://\\coitsdatafs\users\nyarkosn\OFFICE DOC\BERM2017\BERM DOWNLOADS\ALL_BEACH_DOWNLOAD_DATA\DOWNLOADS\Waites_Island_2017.csv</linkage><protocol Sync="TRUE">Local Area Network</protocol></itemLocation></itemProps><copyHistory><copy source="L:\OFFICE DOC\BERM2017\BERM DOWNLOADS\ALL_BEACH_DOWNLOAD_DATA\Waites_Island_2017.csv" dest="\\coitsdatafs\users\nyarkosn\OFFICE DOC\BERM2017\BERM DOWNLOADS\ALL_BEACH_DOWNLOAD_DATA\DOWNLOADS\Waites_Island_2017.csv" date="20190515" time="09475200"></copy></copyHistory></DataProperties></Esri></metadata>
