<?xml version="1.0" encoding="UTF-8"?>
<metadata xml:lang="en"><Esri><CreaDate>20170615</CreaDate><CreaTime>14111700</CreaTime><ArcGISFormat>1.0</ArcGISFormat><SyncOnce>FALSE</SyncOnce><DataProperties><lineage><Process ToolSource="c:\program files (x86)\arcgis\desktop10.5\ArcToolbox\Toolboxes\Data Management Tools.tbx\CalculateField" Date="20170428" Time="125717" Name="" export="">CalculateField BERM2015 DBL [As_Staked_] VB #</Process><Process ToolSource="c:\program files (x86)\arcgis\desktop10.5\ArcToolbox\Toolboxes\Data Management Tools.tbx\CalculateField" Date="20170501" Time="100715" Name="" export="">CalculateField BERM2015 Monument "1800A" VB #</Process><Process ToolSource="c:\program files (x86)\arcgis\desktop10.5\ArcToolbox\Toolboxes\Data Management Tools.tbx\CalculateField" Date="20170501" Time="145658" Name="" export="">CalculateField BERM2015 Monument "1840A" VB #</Process><Process ToolSource="c:\program files (x86)\arcgis\desktop10.5\ArcToolbox\Toolboxes\Data Management Tools.tbx\CalculateField" Date="20170501" Time="145933" Name="" export="">CalculateField BERM2015 Monument "1850A" VB #</Process><Process ToolSource="c:\program files (x86)\arcgis\desktop10.5\ArcToolbox\Toolboxes\Data Management Tools.tbx\CalculateField" Date="20170501" Time="150324" Name="" export="">CalculateField BERM2015 Monument "1860A" VB #</Process><Process ToolSource="c:\program files (x86)\arcgis\desktop10.5\ArcToolbox\Toolboxes\Data Management Tools.tbx\CalculateField" Date="20170501" Time="150559" Name="" export="">CalculateField BERM2015 Monument "1870B" VB #</Process><Process ToolSource="c:\program files (x86)\arcgis\desktop10.5\ArcToolbox\Toolboxes\Data Management Tools.tbx\CalculateField" Date="20170501" Time="150813" Name="" export="">CalculateField BERM2015 Monument "1880B" VB #</Process><Process ToolSource="c:\program files (x86)\arcgis\desktop10.5\ArcToolbox\Toolboxes\Data Management Tools.tbx\CalculateField" Date="20170501" Time="151005" Name="" export="">CalculateField BERM2015 Monument "1890" VB #</Process><Process ToolSource="c:\program files (x86)\arcgis\desktop10.5\ArcToolbox\Toolboxes\Data Management Tools.tbx\CalculateField" Date="20170501" Time="151208" Name="" export="">CalculateField BERM2015 Monument "1895" VB #</Process><Process ToolSource="c:\program files (x86)\arcgis\desktop10.5\ArcToolbox\Toolboxes\Data Management Tools.tbx\CalculateField" Date="20170608" Time="144959" Name="" export="">CalculateField BERM2015 TRAN_ID [Monument] VB #</Process><Process ToolSource="c:\program files (x86)\arcgis\desktop10.5\ArcToolbox\Toolboxes\Data Management Tools.tbx\CalculateField" Date="20170608" Time="150615" Name="" export="">CalculateField BERM2015 BEACH "[Location] + " Island"" VB #</Process><Process ToolSource="c:\program files (x86)\arcgis\desktop10.5\ArcToolbox\Toolboxes\Data Management Tools.tbx\CalculateField" Date="20170608" Time="150925" Name="" export="">CalculateField BERM2015 BEACH "[Location] + " Beach"" VB #</Process><Process ToolSource="c:\program files (x86)\arcgis\desktop10.5\ArcToolbox\Toolboxes\Data Management Tools.tbx\CalculateField" Date="20170608" Time="151112" Name="" export="">CalculateField BERM2015 BEACH [Location] VB #</Process><Process ToolSource="c:\program files (x86)\arcgis\desktop10.5\ArcToolbox\Toolboxes\Data Management Tools.tbx\CalculateField" Date="20170608" Time="151151" Name="" export="">CalculateField BERM2015 BEACH "Arcadian Shores" VB #</Process><Process ToolSource="c:\program files (x86)\arcgis\desktop10.5\ArcToolbox\Toolboxes\Data Management Tools.tbx\CalculateField" Date="20170608" Time="151235" Name="" export="">CalculateField BERM2015 BEACH "Garden City" VB #</Process><Process ToolSource="c:\program files (x86)\arcgis\desktop10.5\ArcToolbox\Toolboxes\Data Management Tools.tbx\CalculateField" Date="20170608" Time="151326" Name="" export="">CalculateField BERM2015 BEACH "Hilton Head Island" VB #</Process><Process ToolSource="c:\program files (x86)\arcgis\desktop10.5\ArcToolbox\Toolboxes\Data Management Tools.tbx\CalculateField" Date="20170608" Time="151409" Name="" export="">CalculateField BERM2015 BEACH "Pawleys Island" VB #</Process><Process ToolSource="c:\program files (x86)\arcgis\desktop10.5\ArcToolbox\Toolboxes\Data Management Tools.tbx\CalculateField" Date="20170608" Time="151439" Name="" export="">CalculateField BERM2015 BEACH "Waties Island" VB #</Process><Process ToolSource="c:\program files (x86)\arcgis\desktop10.5\ArcToolbox\Toolboxes\Analysis Tools.tbx\Near" Date="20170612" Time="180058" Name="" export="">Near BERM2015 Export_Output_12_Merge # NO_LOCATION NO_ANGLE PLANAR</Process><Process ToolSource="c:\program files (x86)\arcgis\desktop10.5\ArcToolbox\Toolboxes\Data Management Tools.tbx\CalculateField" Date="20170612" Time="192930" Name="" export="">CalculateField BERM2015 DFM [DBL] VB #</Process><Process ToolSource="c:\program files (x86)\arcgis\desktop10.5\ArcToolbox\Toolboxes\Analysis Tools.tbx\Near" Date="20170612" Time="210157" Name="" export="">Near HHI15 HHIOFFSETS # NO_LOCATION NO_ANGLE PLANAR</Process><Process ToolSource="c:\program files (x86)\arcgis\desktop10.5\ArcToolbox\Toolboxes\Analysis Tools.tbx\Near" Date="20170613" Time="114804" Name="" export="">Near 1439_15 1439_OFF # NO_LOCATION NO_ANGLE PLANAR</Process><Process ToolSource="c:\program files (x86)\arcgis\desktop10.5\ArcToolbox\Toolboxes\Data Management Tools.tbx\Merge" Date="20170613" Time="134509" Name="" export="">Merge 1439_15;1469_15;1474_15;1493_15;1790_15;1995_15;2130_15;2150_15;2160_15;2180_15;2530_15;2565_15;2630_15;2680_15;2775_15;2780_15;2785_15;2790_15;2792_15;2805_15;2860_15;2890_15;2895_15;3090_15;3092_15;3095_15;3159_15;3220_15;3250_15;3260_15;3280_15;4275_15;4999_15;5005_15;5020_15;5350_15;5530_15;5535_15;5540_15;5750_15;5775_15;5800_15;5825_15;5880_15 C:\Users\boulwajb\Documents\ArcGIS\Default.gdb\c1439_15_Merge "Location "Location" true true false 254 Text 0 0 ,First,#,1439_15,Location,-1,-1,1469_15,Location,-1,-1,1474_15,Location,-1,-1,1493_15,Location,-1,-1,1790_15,Location,-1,-1,1995_15,Location,-1,-1,2130_15,Location,-1,-1,2150_15,Location,-1,-1,2160_15,Location,-1,-1,2180_15,Location,-1,-1,2530_15,Location,-1,-1,2565_15,Location,-1,-1,2630_15,Location,-1,-1,2680_15,Location,-1,-1,2775_15,Location,-1,-1,2780_15,Location,-1,-1,2785_15,Location,-1,-1,2790_15,Location,-1,-1,2792_15,Location,-1,-1,2805_15,Location,-1,-1,2860_15,Location,-1,-1,2890_15,Location,-1,-1,2895_15,Location,-1,-1,3090_15,Location,-1,-1,3092_15,Location,-1,-1,3095_15,Location,-1,-1,3159_15,Location,-1,-1,3220_15,Location,-1,-1,3250_15,Location,-1,-1,3260_15,Location,-1,-1,3280_15,Location,-1,-1,4275_15,Location,-1,-1,4999_15,Location,-1,-1,5005_15,Location,-1,-1,5020_15,Location,-1,-1,5350_15,Location,-1,-1,5530_15,Location,-1,-1,5535_15,Location,-1,-1,5540_15,Location,-1,-1,5750_15,Location,-1,-1,5775_15,Location,-1,-1,5800_15,Location,-1,-1,5825_15,Location,-1,-1,5880_15,Location,-1,-1;Monument "Monument" true true false 254 Text 0 0 ,First,#,1439_15,Monument,-1,-1,1469_15,Monument,-1,-1,1474_15,Monument,-1,-1,1493_15,Monument,-1,-1,1790_15,Monument,-1,-1,1995_15,Monument,-1,-1,2130_15,Monument,-1,-1,2150_15,Monument,-1,-1,2160_15,Monument,-1,-1,2180_15,Monument,-1,-1,2530_15,Monument,-1,-1,2565_15,Monument,-1,-1,2630_15,Monument,-1,-1,2680_15,Monument,-1,-1,2775_15,Monument,-1,-1,2780_15,Monument,-1,-1,2785_15,Monument,-1,-1,2790_15,Monument,-1,-1,2792_15,Monument,-1,-1,2805_15,Monument,-1,-1,2860_15,Monument,-1,-1,2890_15,Monument,-1,-1,2895_15,Monument,-1,-1,3090_15,Monument,-1,-1,3092_15,Monument,-1,-1,3095_15,Monument,-1,-1,3159_15,Monument,-1,-1,3220_15,Monument,-1,-1,3250_15,Monument,-1,-1,3260_15,Monument,-1,-1,3280_15,Monument,-1,-1,4275_15,Monument,-1,-1,4999_15,Monument,-1,-1,5005_15,Monument,-1,-1,5020_15,Monument,-1,-1,5350_15,Monument,-1,-1,5530_15,Monument,-1,-1,5535_15,Monument,-1,-1,5540_15,Monument,-1,-1,5750_15,Monument,-1,-1,5775_15,Monument,-1,-1,5800_15,Monument,-1,-1,5825_15,Monument,-1,-1,5880_15,Monument,-1,-1;Northing "Northing" true true false 19 Double 0 0 ,First,#,1439_15,Northing,-1,-1,1469_15,Northing,-1,-1,1474_15,Northing,-1,-1,1493_15,Northing,-1,-1,1790_15,Northing,-1,-1,1995_15,Northing,-1,-1,2130_15,Northing,-1,-1,2150_15,Northing,-1,-1,2160_15,Northing,-1,-1,2180_15,Northing,-1,-1,2530_15,Northing,-1,-1,2565_15,Northing,-1,-1,2630_15,Northing,-1,-1,2680_15,Northing,-1,-1,2775_15,Northing,-1,-1,2780_15,Northing,-1,-1,2785_15,Northing,-1,-1,2790_15,Northing,-1,-1,2792_15,Northing,-1,-1,2805_15,Northing,-1,-1,2860_15,Northing,-1,-1,2890_15,Northing,-1,-1,2895_15,Northing,-1,-1,3090_15,Northing,-1,-1,3092_15,Northing,-1,-1,3095_15,Northing,-1,-1,3159_15,Northing,-1,-1,3220_15,Northing,-1,-1,3250_15,Northing,-1,-1,3260_15,Northing,-1,-1,3280_15,Northing,-1,-1,4275_15,Northing,-1,-1,4999_15,Northing,-1,-1,5005_15,Northing,-1,-1,5020_15,Northing,-1,-1,5350_15,Northing,-1,-1,5530_15,Northing,-1,-1,5535_15,Northing,-1,-1,5540_15,Northing,-1,-1,5750_15,Northing,-1,-1,5775_15,Northing,-1,-1,5800_15,Northing,-1,-1,5825_15,Northing,-1,-1,5880_15,Northing,-1,-1;Easting "Easting" true true false 19 Double 0 0 ,First,#,1439_15,Easting,-1,-1,1469_15,Easting,-1,-1,1474_15,Easting,-1,-1,1493_15,Easting,-1,-1,1790_15,Easting,-1,-1,1995_15,Easting,-1,-1,2130_15,Easting,-1,-1,2150_15,Easting,-1,-1,2160_15,Easting,-1,-1,2180_15,Easting,-1,-1,2530_15,Easting,-1,-1,2565_15,Easting,-1,-1,2630_15,Easting,-1,-1,2680_15,Easting,-1,-1,2775_15,Easting,-1,-1,2780_15,Easting,-1,-1,2785_15,Easting,-1,-1,2790_15,Easting,-1,-1,2792_15,Easting,-1,-1,2805_15,Easting,-1,-1,2860_15,Easting,-1,-1,2890_15,Easting,-1,-1,2895_15,Easting,-1,-1,3090_15,Easting,-1,-1,3092_15,Easting,-1,-1,3095_15,Easting,-1,-1,3159_15,Easting,-1,-1,3220_15,Easting,-1,-1,3250_15,Easting,-1,-1,3260_15,Easting,-1,-1,3280_15,Easting,-1,-1,4275_15,Easting,-1,-1,4999_15,Easting,-1,-1,5005_15,Easting,-1,-1,5020_15,Easting,-1,-1,5350_15,Easting,-1,-1,5530_15,Easting,-1,-1,5535_15,Easting,-1,-1,5540_15,Easting,-1,-1,5750_15,Easting,-1,-1,5775_15,Easting,-1,-1,5800_15,Easting,-1,-1,5825_15,Easting,-1,-1,5880_15,Easting,-1,-1;Elevation "Elevation" true true false 19 Double 0 0 ,First,#,1439_15,Elevation,-1,-1,1469_15,Elevation,-1,-1,1474_15,Elevation,-1,-1,1493_15,Elevation,-1,-1,1790_15,Elevation,-1,-1,1995_15,Elevation,-1,-1,2130_15,Elevation,-1,-1,2150_15,Elevation,-1,-1,2160_15,Elevation,-1,-1,2180_15,Elevation,-1,-1,2530_15,Elevation,-1,-1,2565_15,Elevation,-1,-1,2630_15,Elevation,-1,-1,2680_15,Elevation,-1,-1,2775_15,Elevation,-1,-1,2780_15,Elevation,-1,-1,2785_15,Elevation,-1,-1,2790_15,Elevation,-1,-1,2792_15,Elevation,-1,-1,2805_15,Elevation,-1,-1,2860_15,Elevation,-1,-1,2890_15,Elevation,-1,-1,2895_15,Elevation,-1,-1,3090_15,Elevation,-1,-1,3092_15,Elevation,-1,-1,3095_15,Elevation,-1,-1,3159_15,Elevation,-1,-1,3220_15,Elevation,-1,-1,3250_15,Elevation,-1,-1,3260_15,Elevation,-1,-1,3280_15,Elevation,-1,-1,4275_15,Elevation,-1,-1,4999_15,Elevation,-1,-1,5005_15,Elevation,-1,-1,5020_15,Elevation,-1,-1,5350_15,Elevation,-1,-1,5530_15,Elevation,-1,-1,5535_15,Elevation,-1,-1,5540_15,Elevation,-1,-1,5750_15,Elevation,-1,-1,5775_15,Elevation,-1,-1,5800_15,Elevation,-1,-1,5825_15,Elevation,-1,-1,5880_15,Elevation,-1,-1;DBL "DBL" true true false 19 Double 0 0 ,First,#,1439_15,DBL,-1,-1,1469_15,DBL,-1,-1,1474_15,DBL,-1,-1,1493_15,DBL,-1,-1,1790_15,DBL,-1,-1,1995_15,DBL,-1,-1,2130_15,DBL,-1,-1,2150_15,DBL,-1,-1,2160_15,DBL,-1,-1,2180_15,DBL,-1,-1,2530_15,DBL,-1,-1,2565_15,DBL,-1,-1,2630_15,DBL,-1,-1,2680_15,DBL,-1,-1,2775_15,DBL,-1,-1,2780_15,DBL,-1,-1,2785_15,DBL,-1,-1,2790_15,DBL,-1,-1,2792_15,DBL,-1,-1,2805_15,DBL,-1,-1,2860_15,DBL,-1,-1,2890_15,DBL,-1,-1,2895_15,DBL,-1,-1,3090_15,DBL,-1,-1,3092_15,DBL,-1,-1,3095_15,DBL,-1,-1,3159_15,DBL,-1,-1,3220_15,DBL,-1,-1,3250_15,DBL,-1,-1,3260_15,DBL,-1,-1,3280_15,DBL,-1,-1,4275_15,DBL,-1,-1,4999_15,DBL,-1,-1,5005_15,DBL,-1,-1,5020_15,DBL,-1,-1,5350_15,DBL,-1,-1,5530_15,DBL,-1,-1,5535_15,DBL,-1,-1,5540_15,DBL,-1,-1,5750_15,DBL,-1,-1,5775_15,DBL,-1,-1,5800_15,DBL,-1,-1,5825_15,DBL,-1,-1,5880_15,DBL,-1,-1;Year "Year" true true false 10 Long 0 10 ,First,#,1439_15,Year,-1,-1,1469_15,Year,-1,-1,1474_15,Year,-1,-1,1493_15,Year,-1,-1,1790_15,Year,-1,-1,1995_15,Year,-1,-1,2130_15,Year,-1,-1,2150_15,Year,-1,-1,2160_15,Year,-1,-1,2180_15,Year,-1,-1,2530_15,Year,-1,-1,2565_15,Year,-1,-1,2630_15,Year,-1,-1,2680_15,Year,-1,-1,2775_15,Year,-1,-1,2780_15,Year,-1,-1,2785_15,Year,-1,-1,2790_15,Year,-1,-1,2792_15,Year,-1,-1,2805_15,Year,-1,-1,2860_15,Year,-1,-1,2890_15,Year,-1,-1,2895_15,Year,-1,-1,3090_15,Year,-1,-1,3092_15,Year,-1,-1,3095_15,Year,-1,-1,3159_15,Year,-1,-1,3220_15,Year,-1,-1,3250_15,Year,-1,-1,3260_15,Year,-1,-1,3280_15,Year,-1,-1,4275_15,Year,-1,-1,4999_15,Year,-1,-1,5005_15,Year,-1,-1,5020_15,Year,-1,-1,5350_15,Year,-1,-1,5530_15,Year,-1,-1,5535_15,Year,-1,-1,5540_15,Year,-1,-1,5750_15,Year,-1,-1,5775_15,Year,-1,-1,5800_15,Year,-1,-1,5825_15,Year,-1,-1,5880_15,Year,-1,-1;Day "Day" true true false 10 Long 0 10 ,First,#,1439_15,Day,-1,-1,1469_15,Day,-1,-1,1474_15,Day,-1,-1,1493_15,Day,-1,-1,1790_15,Day,-1,-1,1995_15,Day,-1,-1,2130_15,Day,-1,-1,2150_15,Day,-1,-1,2160_15,Day,-1,-1,2180_15,Day,-1,-1,2530_15,Day,-1,-1,2565_15,Day,-1,-1,2630_15,Day,-1,-1,2680_15,Day,-1,-1,2775_15,Day,-1,-1,2780_15,Day,-1,-1,2785_15,Day,-1,-1,2790_15,Day,-1,-1,2792_15,Day,-1,-1,2805_15,Day,-1,-1,2860_15,Day,-1,-1,2890_15,Day,-1,-1,2895_15,Day,-1,-1,3090_15,Day,-1,-1,3092_15,Day,-1,-1,3095_15,Day,-1,-1,3159_15,Day,-1,-1,3220_15,Day,-1,-1,3250_15,Day,-1,-1,3260_15,Day,-1,-1,3280_15,Day,-1,-1,4275_15,Day,-1,-1,4999_15,Day,-1,-1,5005_15,Day,-1,-1,5020_15,Day,-1,-1,5350_15,Day,-1,-1,5530_15,Day,-1,-1,5535_15,Day,-1,-1,5540_15,Day,-1,-1,5750_15,Day,-1,-1,5775_15,Day,-1,-1,5800_15,Day,-1,-1,5825_15,Day,-1,-1,5880_15,Day,-1,-1;COL_DATE "COL_DATE" true true false 15 Text 0 0 ,First,#,1439_15,COL_DATE,-1,-1,1469_15,COL_DATE,-1,-1,1474_15,COL_DATE,-1,-1,1493_15,COL_DATE,-1,-1,1790_15,COL_DATE,-1,-1,1995_15,COL_DATE,-1,-1,2130_15,COL_DATE,-1,-1,2150_15,COL_DATE,-1,-1,2160_15,COL_DATE,-1,-1,2180_15,COL_DATE,-1,-1,2530_15,COL_DATE,-1,-1,2565_15,COL_DATE,-1,-1,2630_15,COL_DATE,-1,-1,2680_15,COL_DATE,-1,-1,2775_15,COL_DATE,-1,-1,2780_15,COL_DATE,-1,-1,2785_15,COL_DATE,-1,-1,2790_15,COL_DATE,-1,-1,2792_15,COL_DATE,-1,-1,2805_15,COL_DATE,-1,-1,2860_15,COL_DATE,-1,-1,2890_15,COL_DATE,-1,-1,2895_15,COL_DATE,-1,-1,3090_15,COL_DATE,-1,-1,3092_15,COL_DATE,-1,-1,3095_15,COL_DATE,-1,-1,3159_15,COL_DATE,-1,-1,3220_15,COL_DATE,-1,-1,3250_15,COL_DATE,-1,-1,3260_15,COL_DATE,-1,-1,3280_15,COL_DATE,-1,-1,4275_15,COL_DATE,-1,-1,4999_15,COL_DATE,-1,-1,5005_15,COL_DATE,-1,-1,5020_15,COL_DATE,-1,-1,5350_15,COL_DATE,-1,-1,5530_15,COL_DATE,-1,-1,5535_15,COL_DATE,-1,-1,5540_15,COL_DATE,-1,-1,5750_15,COL_DATE,-1,-1,5775_15,COL_DATE,-1,-1,5800_15,COL_DATE,-1,-1,5825_15,COL_DATE,-1,-1,5880_15,COL_DATE,-1,-1;BEACH "BEACH" true true false 50 Text 0 0 ,First,#,1439_15,BEACH,-1,-1,1469_15,BEACH,-1,-1,1474_15,BEACH,-1,-1,1493_15,BEACH,-1,-1,1790_15,BEACH,-1,-1,1995_15,BEACH,-1,-1,2130_15,BEACH,-1,-1,2150_15,BEACH,-1,-1,2160_15,BEACH,-1,-1,2180_15,BEACH,-1,-1,2530_15,BEACH,-1,-1,2565_15,BEACH,-1,-1,2630_15,BEACH,-1,-1,2680_15,BEACH,-1,-1,2775_15,BEACH,-1,-1,2780_15,BEACH,-1,-1,2785_15,BEACH,-1,-1,2790_15,BEACH,-1,-1,2792_15,BEACH,-1,-1,2805_15,BEACH,-1,-1,2860_15,BEACH,-1,-1,2890_15,BEACH,-1,-1,2895_15,BEACH,-1,-1,3090_15,BEACH,-1,-1,3092_15,BEACH,-1,-1,3095_15,BEACH,-1,-1,3159_15,BEACH,-1,-1,3220_15,BEACH,-1,-1,3250_15,BEACH,-1,-1,3260_15,BEACH,-1,-1,3280_15,BEACH,-1,-1,4275_15,BEACH,-1,-1,4999_15,BEACH,-1,-1,5005_15,BEACH,-1,-1,5020_15,BEACH,-1,-1,5350_15,BEACH,-1,-1,5530_15,BEACH,-1,-1,5535_15,BEACH,-1,-1,5540_15,BEACH,-1,-1,5750_15,BEACH,-1,-1,5775_15,BEACH,-1,-1,5800_15,BEACH,-1,-1,5825_15,BEACH,-1,-1,5880_15,BEACH,-1,-1;TRAN_ID "TRAN_ID" true true false 10 Text 0 0 ,First,#,1439_15,TRAN_ID,-1,-1,1469_15,TRAN_ID,-1,-1,1474_15,TRAN_ID,-1,-1,1493_15,TRAN_ID,-1,-1,1790_15,TRAN_ID,-1,-1,1995_15,TRAN_ID,-1,-1,2130_15,TRAN_ID,-1,-1,2150_15,TRAN_ID,-1,-1,2160_15,TRAN_ID,-1,-1,2180_15,TRAN_ID,-1,-1,2530_15,TRAN_ID,-1,-1,2565_15,TRAN_ID,-1,-1,2630_15,TRAN_ID,-1,-1,2680_15,TRAN_ID,-1,-1,2775_15,TRAN_ID,-1,-1,2780_15,TRAN_ID,-1,-1,2785_15,TRAN_ID,-1,-1,2790_15,TRAN_ID,-1,-1,2792_15,TRAN_ID,-1,-1,2805_15,TRAN_ID,-1,-1,2860_15,TRAN_ID,-1,-1,2890_15,TRAN_ID,-1,-1,2895_15,TRAN_ID,-1,-1,3090_15,TRAN_ID,-1,-1,3092_15,TRAN_ID,-1,-1,3095_15,TRAN_ID,-1,-1,3159_15,TRAN_ID,-1,-1,3220_15,TRAN_ID,-1,-1,3250_15,TRAN_ID,-1,-1,3260_15,TRAN_ID,-1,-1,3280_15,TRAN_ID,-1,-1,4275_15,TRAN_ID,-1,-1,4999_15,TRAN_ID,-1,-1,5005_15,TRAN_ID,-1,-1,5020_15,TRAN_ID,-1,-1,5350_15,TRAN_ID,-1,-1,5530_15,TRAN_ID,-1,-1,5535_15,TRAN_ID,-1,-1,5540_15,TRAN_ID,-1,-1,5750_15,TRAN_ID,-1,-1,5775_15,TRAN_ID,-1,-1,5800_15,TRAN_ID,-1,-1,5825_15,TRAN_ID,-1,-1,5880_15,TRAN_ID,-1,-1;DFM "DFM" true true false 19 Double 0 0 ,First,#,1439_15,DFM,-1,-1,1469_15,DFM,-1,-1,1474_15,DFM,-1,-1,1493_15,DFM,-1,-1,1790_15,DFM,-1,-1,1995_15,DFM,-1,-1,2130_15,DFM,-1,-1,2150_15,DFM,-1,-1,2160_15,DFM,-1,-1,2180_15,DFM,-1,-1,2530_15,DFM,-1,-1,2565_15,DFM,-1,-1,2630_15,DFM,-1,-1,2680_15,DFM,-1,-1,2775_15,DFM,-1,-1,2780_15,DFM,-1,-1,2785_15,DFM,-1,-1,2790_15,DFM,-1,-1,2792_15,DFM,-1,-1,2805_15,DFM,-1,-1,2860_15,DFM,-1,-1,2890_15,DFM,-1,-1,2895_15,DFM,-1,-1,3090_15,DFM,-1,-1,3092_15,DFM,-1,-1,3095_15,DFM,-1,-1,3159_15,DFM,-1,-1,3220_15,DFM,-1,-1,3250_15,DFM,-1,-1,3260_15,DFM,-1,-1,3280_15,DFM,-1,-1,4275_15,DFM,-1,-1,4999_15,DFM,-1,-1,5005_15,DFM,-1,-1,5020_15,DFM,-1,-1,5350_15,DFM,-1,-1,5530_15,DFM,-1,-1,5535_15,DFM,-1,-1,5540_15,DFM,-1,-1,5750_15,DFM,-1,-1,5775_15,DFM,-1,-1,5800_15,DFM,-1,-1,5825_15,DFM,-1,-1,5880_15,DFM,-1,-1;NEAR_FID "NEAR_FID" true true false 10 Long 0 10 ,First,#,1439_15,NEAR_FID,-1,-1,1469_15,NEAR_FID,-1,-1,1474_15,NEAR_FID,-1,-1,1493_15,NEAR_FID,-1,-1,1790_15,NEAR_FID,-1,-1,1995_15,NEAR_FID,-1,-1,2130_15,NEAR_FID,-1,-1,2150_15,NEAR_FID,-1,-1,2160_15,NEAR_FID,-1,-1,2180_15,NEAR_FID,-1,-1,2530_15,NEAR_FID,-1,-1,2565_15,NEAR_FID,-1,-1,2630_15,NEAR_FID,-1,-1,2680_15,NEAR_FID,-1,-1,2775_15,NEAR_FID,-1,-1,2780_15,NEAR_FID,-1,-1,2785_15,NEAR_FID,-1,-1,2790_15,NEAR_FID,-1,-1,2792_15,NEAR_FID,-1,-1,2805_15,NEAR_FID,-1,-1,2860_15,NEAR_FID,-1,-1,2890_15,NEAR_FID,-1,-1,2895_15,NEAR_FID,-1,-1,3090_15,NEAR_FID,-1,-1,3092_15,NEAR_FID,-1,-1,3095_15,NEAR_FID,-1,-1,3159_15,NEAR_FID,-1,-1,3220_15,NEAR_FID,-1,-1,3250_15,NEAR_FID,-1,-1,3260_15,NEAR_FID,-1,-1,3280_15,NEAR_FID,-1,-1,4275_15,NEAR_FID,-1,-1,4999_15,NEAR_FID,-1,-1,5005_15,NEAR_FID,-1,-1,5020_15,NEAR_FID,-1,-1,5350_15,NEAR_FID,-1,-1,5530_15,NEAR_FID,-1,-1,5535_15,NEAR_FID,-1,-1,5540_15,NEAR_FID,-1,-1,5750_15,NEAR_FID,-1,-1,5775_15,NEAR_FID,-1,-1,5800_15,NEAR_FID,-1,-1,5825_15,NEAR_FID,-1,-1,5880_15,NEAR_FID,-1,-1;NEAR_DIST "NEAR_DIST" true true false 19 Double 0 0 ,First,#,1439_15,NEAR_DIST,-1,-1,1469_15,NEAR_DIST,-1,-1,1474_15,NEAR_DIST,-1,-1,1493_15,NEAR_DIST,-1,-1,1790_15,NEAR_DIST,-1,-1,1995_15,NEAR_DIST,-1,-1,2130_15,NEAR_DIST,-1,-1,2150_15,NEAR_DIST,-1,-1,2160_15,NEAR_DIST,-1,-1,2180_15,NEAR_DIST,-1,-1,2530_15,NEAR_DIST,-1,-1,2565_15,NEAR_DIST,-1,-1,2630_15,NEAR_DIST,-1,-1,2680_15,NEAR_DIST,-1,-1,2775_15,NEAR_DIST,-1,-1,2780_15,NEAR_DIST,-1,-1,2785_15,NEAR_DIST,-1,-1,2790_15,NEAR_DIST,-1,-1,2792_15,NEAR_DIST,-1,-1,2805_15,NEAR_DIST,-1,-1,2860_15,NEAR_DIST,-1,-1,2890_15,NEAR_DIST,-1,-1,2895_15,NEAR_DIST,-1,-1,3090_15,NEAR_DIST,-1,-1,3092_15,NEAR_DIST,-1,-1,3095_15,NEAR_DIST,-1,-1,3159_15,NEAR_DIST,-1,-1,3220_15,NEAR_DIST,-1,-1,3250_15,NEAR_DIST,-1,-1,3260_15,NEAR_DIST,-1,-1,3280_15,NEAR_DIST,-1,-1,4275_15,NEAR_DIST,-1,-1,4999_15,NEAR_DIST,-1,-1,5005_15,NEAR_DIST,-1,-1,5020_15,NEAR_DIST,-1,-1,5350_15,NEAR_DIST,-1,-1,5530_15,NEAR_DIST,-1,-1,5535_15,NEAR_DIST,-1,-1,5540_15,NEAR_DIST,-1,-1,5750_15,NEAR_DIST,-1,-1,5775_15,NEAR_DIST,-1,-1,5800_15,NEAR_DIST,-1,-1,5825_15,NEAR_DIST,-1,-1,5880_15,NEAR_DIST,-1,-1"</Process><Process ToolSource="c:\program files (x86)\arcgis\desktop10.5\ArcToolbox\Toolboxes\Data Management Tools.tbx\CalculateField" Date="20170613" Time="134547" Name="" export="">CalculateField c1439_15_Merge NEAR_FID 99 VB #</Process><Process ToolSource="c:\program files (x86)\arcgis\desktop10.5\ArcToolbox\Toolboxes\Data Management Tools.tbx\Merge" Date="20170613" Time="180109" Name="" export="">Merge COR_2015;AS15;DAU15;DEB15;DEW15;ED15;FB15;FRI15;GC15;HAR15;HHI15;HUNTB15;HUNTI15;IOP15;KI15;LB15;MB15;NMB15;PI15;SEA15;SUL15;SURF15;WAT15 C:\Users\boulwajb\Documents\ArcGIS\Default.gdb\COR_2015_Merge "OBJECTID "OBJECTID" true true false 10 Long 0 10 ,First,#,COR_2015,OBJECTID,-1,-1;Location "Location" true true false 254 Text 0 0 ,First,#,COR_2015,Location,-1,-1,AS15,Location,-1,-1,DAU15,Location,-1,-1,DEB15,Location,-1,-1,DEW15,Location,-1,-1,ED15,Location,-1,-1,FB15,Location,-1,-1,FRI15,Location,-1,-1,GC15,Location,-1,-1,HAR15,Location,-1,-1,HHI15,Location,-1,-1,HUNTB15,Location,-1,-1,HUNTI15,Location,-1,-1,IOP15,Location,-1,-1,KI15,Location,-1,-1,LB15,Location,-1,-1,MB15,Location,-1,-1,NMB15,Location,-1,-1,PI15,Location,-1,-1,SEA15,Location,-1,-1,SUL15,Location,-1,-1,SURF15,Location,-1,-1,WAT15,Location,-1,-1;Monument "Monument" true true false 254 Text 0 0 ,First,#,COR_2015,Monument,-1,-1,AS15,Monument,-1,-1,DAU15,Monument,-1,-1,DEB15,Monument,-1,-1,DEW15,Monument,-1,-1,ED15,Monument,-1,-1,FB15,Monument,-1,-1,FRI15,Monument,-1,-1,GC15,Monument,-1,-1,HAR15,Monument,-1,-1,HHI15,Monument,-1,-1,HUNTB15,Monument,-1,-1,HUNTI15,Monument,-1,-1,IOP15,Monument,-1,-1,KI15,Monument,-1,-1,LB15,Monument,-1,-1,MB15,Monument,-1,-1,NMB15,Monument,-1,-1,PI15,Monument,-1,-1,SEA15,Monument,-1,-1,SUL15,Monument,-1,-1,SURF15,Monument,-1,-1,WAT15,Monument,-1,-1;Northing "Northing" true true false 19 Double 0 0 ,First,#,COR_2015,Northing,-1,-1,AS15,Northing,-1,-1,DAU15,Northing,-1,-1,DEB15,Northing,-1,-1,DEW15,Northing,-1,-1,ED15,Northing,-1,-1,FB15,Northing,-1,-1,FRI15,Northing,-1,-1,GC15,Northing,-1,-1,HAR15,Northing,-1,-1,HHI15,Northing,-1,-1,HUNTB15,Northing,-1,-1,HUNTI15,Northing,-1,-1,IOP15,Northing,-1,-1,KI15,Northing,-1,-1,LB15,Northing,-1,-1,MB15,Northing,-1,-1,NMB15,Northing,-1,-1,PI15,Northing,-1,-1,SEA15,Northing,-1,-1,SUL15,Northing,-1,-1,SURF15,Northing,-1,-1,WAT15,Northing,-1,-1;Easting "Easting" true true false 19 Double 0 0 ,First,#,COR_2015,Easting,-1,-1,AS15,Easting,-1,-1,DAU15,Easting,-1,-1,DEB15,Easting,-1,-1,DEW15,Easting,-1,-1,ED15,Easting,-1,-1,FB15,Easting,-1,-1,FRI15,Easting,-1,-1,GC15,Easting,-1,-1,HAR15,Easting,-1,-1,HHI15,Easting,-1,-1,HUNTB15,Easting,-1,-1,HUNTI15,Easting,-1,-1,IOP15,Easting,-1,-1,KI15,Easting,-1,-1,LB15,Easting,-1,-1,MB15,Easting,-1,-1,NMB15,Easting,-1,-1,PI15,Easting,-1,-1,SEA15,Easting,-1,-1,SUL15,Easting,-1,-1,SURF15,Easting,-1,-1,WAT15,Easting,-1,-1;Elevation "Elevation" true true false 19 Double 0 0 ,First,#,COR_2015,Elevation,-1,-1,AS15,Elevation,-1,-1,DAU15,Elevation,-1,-1,DEB15,Elevation,-1,-1,DEW15,Elevation,-1,-1,ED15,Elevation,-1,-1,FB15,Elevation,-1,-1,FRI15,Elevation,-1,-1,GC15,Elevation,-1,-1,HAR15,Elevation,-1,-1,HHI15,Elevation,-1,-1,HUNTB15,Elevation,-1,-1,HUNTI15,Elevation,-1,-1,IOP15,Elevation,-1,-1,KI15,Elevation,-1,-1,LB15,Elevation,-1,-1,MB15,Elevation,-1,-1,NMB15,Elevation,-1,-1,PI15,Elevation,-1,-1,SEA15,Elevation,-1,-1,SUL15,Elevation,-1,-1,SURF15,Elevation,-1,-1,WAT15,Elevation,-1,-1;DBL "DBL" true true false 19 Double 0 0 ,First,#,COR_2015,DBL,-1,-1,AS15,DBL,-1,-1,DAU15,DBL,-1,-1,DEB15,DBL,-1,-1,DEW15,DBL,-1,-1,ED15,DBL,-1,-1,FB15,DBL,-1,-1,FRI15,DBL,-1,-1,GC15,DBL,-1,-1,HAR15,DBL,-1,-1,HHI15,DBL,-1,-1,HUNTB15,DBL,-1,-1,HUNTI15,DBL,-1,-1,IOP15,DBL,-1,-1,KI15,DBL,-1,-1,LB15,DBL,-1,-1,MB15,DBL,-1,-1,NMB15,DBL,-1,-1,PI15,DBL,-1,-1,SEA15,DBL,-1,-1,SUL15,DBL,-1,-1,SURF15,DBL,-1,-1,WAT15,DBL,-1,-1;Year "Year" true true false 10 Long 0 10 ,First,#,COR_2015,Year,-1,-1,AS15,Year,-1,-1,DAU15,Year,-1,-1,DEB15,Year,-1,-1,DEW15,Year,-1,-1,ED15,Year,-1,-1,FB15,Year,-1,-1,FRI15,Year,-1,-1,GC15,Year,-1,-1,HAR15,Year,-1,-1,HHI15,Year,-1,-1,HUNTB15,Year,-1,-1,HUNTI15,Year,-1,-1,IOP15,Year,-1,-1,KI15,Year,-1,-1,LB15,Year,-1,-1,MB15,Year,-1,-1,NMB15,Year,-1,-1,PI15,Year,-1,-1,SEA15,Year,-1,-1,SUL15,Year,-1,-1,SURF15,Year,-1,-1,WAT15,Year,-1,-1;Day "Day" true true false 10 Long 0 10 ,First,#,COR_2015,Day,-1,-1,AS15,Day,-1,-1,DAU15,Day,-1,-1,DEB15,Day,-1,-1,DEW15,Day,-1,-1,ED15,Day,-1,-1,FB15,Day,-1,-1,FRI15,Day,-1,-1,GC15,Day,-1,-1,HAR15,Day,-1,-1,HHI15,Day,-1,-1,HUNTB15,Day,-1,-1,HUNTI15,Day,-1,-1,IOP15,Day,-1,-1,KI15,Day,-1,-1,LB15,Day,-1,-1,MB15,Day,-1,-1,NMB15,Day,-1,-1,PI15,Day,-1,-1,SEA15,Day,-1,-1,SUL15,Day,-1,-1,SURF15,Day,-1,-1,WAT15,Day,-1,-1;COL_DATE "COL_DATE" true true false 15 Text 0 0 ,First,#,COR_2015,COL_DATE,-1,-1,AS15,COL_DATE,-1,-1,DAU15,COL_DATE,-1,-1,DEB15,COL_DATE,-1,-1,DEW15,COL_DATE,-1,-1,ED15,COL_DATE,-1,-1,FB15,COL_DATE,-1,-1,FRI15,COL_DATE,-1,-1,GC15,COL_DATE,-1,-1,HAR15,COL_DATE,-1,-1,HHI15,COL_DATE,-1,-1,HUNTB15,COL_DATE,-1,-1,HUNTI15,COL_DATE,-1,-1,IOP15,COL_DATE,-1,-1,KI15,COL_DATE,-1,-1,LB15,COL_DATE,-1,-1,MB15,COL_DATE,-1,-1,NMB15,COL_DATE,-1,-1,PI15,COL_DATE,-1,-1,SEA15,COL_DATE,-1,-1,SUL15,COL_DATE,-1,-1,SURF15,COL_DATE,-1,-1,WAT15,COL_DATE,-1,-1;BEACH "BEACH" true true false 50 Text 0 0 ,First,#,COR_2015,BEACH,-1,-1,AS15,BEACH,-1,-1,DAU15,BEACH,-1,-1,DEB15,BEACH,-1,-1,DEW15,BEACH,-1,-1,ED15,BEACH,-1,-1,FB15,BEACH,-1,-1,FRI15,BEACH,-1,-1,GC15,BEACH,-1,-1,HAR15,BEACH,-1,-1,HHI15,BEACH,-1,-1,HUNTB15,BEACH,-1,-1,HUNTI15,BEACH,-1,-1,IOP15,BEACH,-1,-1,KI15,BEACH,-1,-1,LB15,BEACH,-1,-1,MB15,BEACH,-1,-1,NMB15,BEACH,-1,-1,PI15,BEACH,-1,-1,SEA15,BEACH,-1,-1,SUL15,BEACH,-1,-1,SURF15,BEACH,-1,-1,WAT15,BEACH,-1,-1;TRAN_ID "TRAN_ID" true true false 10 Text 0 0 ,First,#,COR_2015,TRAN_ID,-1,-1,AS15,TRAN_ID,-1,-1,DAU15,TRAN_ID,-1,-1,DEB15,TRAN_ID,-1,-1,DEW15,TRAN_ID,-1,-1,ED15,TRAN_ID,-1,-1,FB15,TRAN_ID,-1,-1,FRI15,TRAN_ID,-1,-1,GC15,TRAN_ID,-1,-1,HAR15,TRAN_ID,-1,-1,HHI15,TRAN_ID,-1,-1,HUNTB15,TRAN_ID,-1,-1,HUNTI15,TRAN_ID,-1,-1,IOP15,TRAN_ID,-1,-1,KI15,TRAN_ID,-1,-1,LB15,TRAN_ID,-1,-1,MB15,TRAN_ID,-1,-1,NMB15,TRAN_ID,-1,-1,PI15,TRAN_ID,-1,-1,SEA15,TRAN_ID,-1,-1,SUL15,TRAN_ID,-1,-1,SURF15,TRAN_ID,-1,-1,WAT15,TRAN_ID,-1,-1;DFM "DFM" true true false 19 Double 0 0 ,First,#,COR_2015,DFM,-1,-1,AS15,DFM,-1,-1,DAU15,DFM,-1,-1,DEB15,DFM,-1,-1,DEW15,DFM,-1,-1,ED15,DFM,-1,-1,FB15,DFM,-1,-1,FRI15,DFM,-1,-1,GC15,DFM,-1,-1,HAR15,DFM,-1,-1,HHI15,DFM,-1,-1,HUNTB15,DFM,-1,-1,HUNTI15,DFM,-1,-1,IOP15,DFM,-1,-1,KI15,DFM,-1,-1,LB15,DFM,-1,-1,MB15,DFM,-1,-1,NMB15,DFM,-1,-1,PI15,DFM,-1,-1,SEA15,DFM,-1,-1,SUL15,DFM,-1,-1,SURF15,DFM,-1,-1,WAT15,DFM,-1,-1;NEAR_FID "NEAR_FID" true true false 10 Long 0 10 ,First,#,COR_2015,NEAR_FID,-1,-1,AS15,NEAR_FID,-1,-1,DAU15,NEAR_FID,-1,-1,DEB15,NEAR_FID,-1,-1,DEW15,NEAR_FID,-1,-1,ED15,NEAR_FID,-1,-1,FB15,NEAR_FID,-1,-1,FRI15,NEAR_FID,-1,-1,GC15,NEAR_FID,-1,-1,HAR15,NEAR_FID,-1,-1,HHI15,NEAR_FID,-1,-1,HUNTB15,NEAR_FID,-1,-1,HUNTI15,NEAR_FID,-1,-1,IOP15,NEAR_FID,-1,-1,KI15,NEAR_FID,-1,-1,LB15,NEAR_FID,-1,-1,MB15,NEAR_FID,-1,-1,NMB15,NEAR_FID,-1,-1,PI15,NEAR_FID,-1,-1,SEA15,NEAR_FID,-1,-1,SUL15,NEAR_FID,-1,-1,SURF15,NEAR_FID,-1,-1,WAT15,NEAR_FID,-1,-1;NEAR_DIST "NEAR_DIST" true true false 19 Double 0 0 ,First,#,COR_2015,NEAR_DIST,-1,-1,AS15,NEAR_DIST,-1,-1,DAU15,NEAR_DIST,-1,-1,DEB15,NEAR_DIST,-1,-1,DEW15,NEAR_DIST,-1,-1,ED15,NEAR_DIST,-1,-1,FB15,NEAR_DIST,-1,-1,FRI15,NEAR_DIST,-1,-1,GC15,NEAR_DIST,-1,-1,HAR15,NEAR_DIST,-1,-1,HHI15,NEAR_DIST,-1,-1,HUNTB15,NEAR_DIST,-1,-1,HUNTI15,NEAR_DIST,-1,-1,IOP15,NEAR_DIST,-1,-1,KI15,NEAR_DIST,-1,-1,LB15,NEAR_DIST,-1,-1,MB15,NEAR_DIST,-1,-1,NMB15,NEAR_DIST,-1,-1,PI15,NEAR_DIST,-1,-1,SEA15,NEAR_DIST,-1,-1,SUL15,NEAR_DIST,-1,-1,SURF15,NEAR_DIST,-1,-1,WAT15,NEAR_DIST,-1,-1"</Process><Process ToolSource="c:\program files (x86)\arcgis\desktop10.5\ArcToolbox\Toolboxes\Data Management Tools.tbx\CalculateField" Date="20170613" Time="183759" Name="" export="">CalculateField 2015 DFCP [NEAR_DIST] VB #</Process><Process ToolSource="c:\program files (x86)\arcgis\desktop10.5\ArcToolbox\Toolboxes\Data Management Tools.tbx\AddXY" Date="20170613" Time="185329" Name="" export="">AddXY 2015</Process><Process ToolSource="c:\program files (x86)\arcgis\desktop10.5\ArcToolbox\Toolboxes\Data Management Tools.tbx\CalculateField" Date="20170613" Time="204111" Name="" export="">CalculateField BERM2015_PTS STATIC_ID "[FID] + 1" VB #</Process></lineage><itemProps><itemName Sync="TRUE">BERM2015_PTS</itemName><imsContentType Sync="TRUE">002</imsContentType><itemLocation><linkage Sync="TRUE">file://\\IT2046-BOULWAJB\C$\BERM16.gdb</linkage><protocol Sync="TRUE">Local Area Network</protocol></itemLocation><nativeExtBox><westBL Sync="TRUE">2041660.731955</westBL><eastBL Sync="TRUE">2743275.330052</eastBL><southBL Sync="TRUE">92701.240157</southBL><northBL Sync="TRUE">742459.857940</northBL><exTypeCode Sync="TRUE">1</exTypeCode></nativeExtBox></itemProps><coordRef><type Sync="TRUE">Projected</type><geogcsn Sync="TRUE">GCS_NAD_1983_2011</geogcsn><csUnits Sync="TRUE">Linear Unit: Foot (0.304800)</csUnits><projcsn Sync="TRUE">NAD_1983_2011_StatePlane_South_Carolina_FIPS_3900_Ft_Intl</projcsn><peXml Sync="TRUE">&lt;ProjectedCoordinateSystem xsi:type='typens:ProjectedCoordinateSystem' xmlns:xsi='http://www.w3.org/2001/XMLSchema-instance' xmlns:xs='http://www.w3.org/2001/XMLSchema' xmlns:typens='http://www.esri.com/schemas/ArcGIS/10.5'&gt;&lt;WKT&gt;PROJCS[&amp;quot;NAD_1983_2011_StatePlane_South_Carolina_FIPS_3900_Ft_Intl&amp;quot;,GEOGCS[&amp;quot;GCS_NAD_1983_2011&amp;quot;,DATUM[&amp;quot;D_NAD_1983_2011&amp;quot;,SPHEROID[&amp;quot;GRS_1980&amp;quot;,6378137.0,298.257222101]],PRIMEM[&amp;quot;Greenwich&amp;quot;,0.0],UNIT[&amp;quot;Degree&amp;quot;,0.0174532925199433]],PROJECTION[&amp;quot;Lambert_Conformal_Conic&amp;quot;],PARAMETER[&amp;quot;False_Easting&amp;quot;,2000000.0],PARAMETER[&amp;quot;False_Northing&amp;quot;,0.0],PARAMETER[&amp;quot;Central_Meridian&amp;quot;,-81.0],PARAMETER[&amp;quot;Standard_Parallel_1&amp;quot;,32.5],PARAMETER[&amp;quot;Standard_Parallel_2&amp;quot;,34.83333333333334],PARAMETER[&amp;quot;Latitude_Of_Origin&amp;quot;,31.83333333333333],UNIT[&amp;quot;Foot&amp;quot;,0.3048],AUTHORITY[&amp;quot;EPSG&amp;quot;,6570]]&lt;/WKT&gt;&lt;XOrigin&gt;-122907600&lt;/XOrigin&gt;&lt;YOrigin&gt;-92800700&lt;/YOrigin&gt;&lt;XYScale&gt;3048&lt;/XYScale&gt;&lt;ZOrigin&gt;-100000&lt;/ZOrigin&gt;&lt;ZScale&gt;10000&lt;/ZScale&gt;&lt;MOrigin&gt;-100000&lt;/MOrigin&gt;&lt;MScale&gt;10000&lt;/MScale&gt;&lt;XYTolerance&gt;0.0032808398950131233&lt;/XYTolerance&gt;&lt;ZTolerance&gt;0.001&lt;/ZTolerance&gt;&lt;MTolerance&gt;0.001&lt;/MTolerance&gt;&lt;HighPrecision&gt;true&lt;/HighPrecision&gt;&lt;WKID&gt;103146&lt;/WKID&gt;&lt;LatestWKID&gt;6570&lt;/LatestWKID&gt;&lt;/ProjectedCoordinateSystem&gt;</peXml></coordRef></DataProperties><ArcGISstyle>FGDC CSDGM Metadata</ArcGISstyle><SyncDate>20170613</SyncDate><SyncTime>22270100</SyncTime><ModDate>20170613</ModDate><ModTime>22373200</ModTime><scaleRange><minScale>150000000</minScale><maxScale>5000</maxScale></scaleRange><ArcGISProfile>FGDC</ArcGISProfile></Esri><dataIdInfo><envirDesc Sync="TRUE">Microsoft Windows 7 Version 6.1 (Build 7601) Service Pack 1; Esri ArcGIS 10.5.0.6491</envirDesc><dataLang><languageCode value="eng" Sync="TRUE"/><countryCode value="USA" Sync="TRUE"/></dataLang><idCitation><resTitle Sync="TRUE">BERM2015_PTS</resTitle><presForm><PresFormCd value="005" Sync="TRUE"/></presForm></idCitation><spatRpType><SpatRepTypCd value="001" Sync="TRUE"/></spatRpType><dataExt><geoEle xmlns=""><GeoBndBox esriExtentType="search"><exTypeCode Sync="TRUE">1</exTypeCode><westBL Sync="TRUE">-80.865512</westBL><eastBL Sync="TRUE">-78.551331</eastBL><northBL Sync="TRUE">33.873925</northBL><southBL Sync="TRUE">32.064378</southBL></GeoBndBox></geoEle></dataExt><idPurp>Topographic and bathymetric survey data of South Carolina beaches. Generally designated as "2015" version.
</idPurp><idAbs>&lt;DIV STYLE="text-align:Left;"&gt;&lt;P&gt;&lt;SPAN&gt;2015&lt;/SPAN&gt;&lt;/P&gt;&lt;P&gt;&lt;SPAN&gt;DatasetTopographic and bathymetric survey data collected along transects originating or proximate to 397 beach survey monuments. The resulting data "points" are used to generate beach profiles (cross-sections) for purposes of monitoring erosion/accretion along the coast of South Carolina. The following beaches were surveyed:&lt;/SPAN&gt;&lt;/P&gt;&lt;P&gt;&lt;SPAN&gt;ARCADIAN SHORES, DAUFUSKIE ISLAND, DEBIDUE BEACH, DEWEES ISLAND, EDISTO BEACH, FOLLY BEACH, FRIPP ISLAND, GARDEN CITY, HARBOR ISLAND, HILTON HEAD ISLAND, HUNTING ISLAND, HUNTINGTON BEACH, ISLE OF PALMS, KIAWAH ISLAND, LITCHFIELD BEACH, MYRTLE BEACH, NORTH MYRTLE BEACH, PAWLEYS ISLAND, SEABROOK ISLAND, SULLIVANS ISLAND, SURFSIDE BEACH &amp;amp; WATIES ISLAND&lt;/SPAN&gt;&lt;/P&gt;&lt;P&gt;&lt;SPAN /&gt;&lt;/P&gt;&lt;/DIV&gt;</idAbs><idCredit>SCDHEC-OCRM</idCredit><searchKeys><keyword>SC Beach Erosion</keyword></searchKeys><dataChar><CharSetCd value="004"></CharSetCd></dataChar><idStatus><ProgCd value="001"></ProgCd></idStatus><idPoC xmlns=""><rpIndName>Jessica Boynton</rpIndName><rpOrgName>SCDHEC-OCRM</rpOrgName><rpPosName>Shoreline Specialist</rpPosName><role><RoleCd value="007"></RoleCd></role></idPoC><resMaint xmlns=""><maintFreq><MaintFreqCd value="011"></MaintFreqCd></maintFreq></resMaint><resConst><Consts xmlns=""><useLimit>&lt;DIV STYLE="text-align:Left;"&gt;&lt;DIV&gt;&lt;P&gt;&lt;SPAN&gt;GENERAL REFERENCE&lt;/SPAN&gt;&lt;/P&gt;&lt;/DIV&gt;&lt;/DIV&gt;</useLimit></Consts></resConst></dataIdInfo><mdLang><languageCode value="eng" Sync="TRUE"/><countryCode value="USA" Sync="TRUE"/></mdLang><distInfo><distFormat><formatName Sync="TRUE">File Geodatabase Feature Class</formatName></distFormat></distInfo><mdHrLv><ScopeCd value="005" Sync="TRUE"/></mdHrLv><mdHrLvName Sync="TRUE">dataset</mdHrLvName><refSysInfo><RefSystem><refSysID><identCode code="6570" Sync="TRUE"/><idCodeSpace Sync="TRUE">EPSG</idCodeSpace><idVersion Sync="TRUE">8.2.10(10.3.1)</idVersion></refSysID></RefSystem></refSysInfo><spatRepInfo><VectSpatRep><geometObjs Name="BERM2015_PTS"><geoObjTyp><GeoObjTypCd value="004" Sync="TRUE"/></geoObjTyp><geoObjCnt Sync="TRUE">1449100</geoObjCnt></geometObjs><topLvl><TopoLevCd value="001" Sync="TRUE"/></topLvl></VectSpatRep></spatRepInfo><spdoinfo><ptvctinf><esriterm Name="BERM2015_PTS"><efeatyp Sync="TRUE">Simple</efeatyp><efeageom code="1" Sync="TRUE"/><esritopo Sync="TRUE">FALSE</esritopo><efeacnt Sync="TRUE">1449100</efeacnt><spindex Sync="TRUE">TRUE</spindex><linrefer Sync="TRUE">FALSE</linrefer></esriterm></ptvctinf></spdoinfo><eainfo><detailed Name="BERM2015_PTS" xmlns=""><enttyp><enttypl Sync="TRUE">BERM2015_PTS</enttypl><enttypt Sync="TRUE">Feature Class</enttypt><enttypc Sync="TRUE">1449100</enttypc></enttyp><attr xmlns=""><attrlabl Sync="TRUE">OBJECTID</attrlabl><attalias Sync="TRUE">FID</attalias><attrtype Sync="TRUE">OID</attrtype><attwidth Sync="TRUE">4</attwidth><atprecis Sync="TRUE">0</atprecis><attscale Sync="TRUE">0</attscale><attrdef Sync="TRUE">Internal feature number.</attrdef><attrdefs Sync="TRUE">Esri</attrdefs><attrdomv><udom Sync="TRUE">Sequential unique whole numbers that are automatically generated.</udom></attrdomv></attr><attr xmlns=""><attrlabl Sync="TRUE">Shape</attrlabl><attalias Sync="TRUE">Shape</attalias><attrtype Sync="TRUE">Geometry</attrtype><attwidth Sync="TRUE">0</attwidth><atprecis Sync="TRUE">0</atprecis><attscale Sync="TRUE">0</attscale><attrdef Sync="TRUE">Feature geometry.</attrdef><attrdefs Sync="TRUE">Esri</attrdefs><attrdomv><udom Sync="TRUE">Coordinates defining the features.</udom></attrdomv></attr><attr xmlns=""><attrlabl Sync="TRUE">Location</attrlabl><attalias Sync="TRUE">Location</attalias><attrtype Sync="TRUE">String</attrtype><attwidth Sync="TRUE">254</attwidth><atprecis Sync="TRUE">0</atprecis><attscale Sync="TRUE">0</attscale><attrdef>Beach area referenced by collector</attrdef></attr><attr xmlns=""><attrlabl Sync="TRUE">Monument</attrlabl><attalias Sync="TRUE">Monument</attalias><attrtype Sync="TRUE">String</attrtype><attwidth Sync="TRUE">254</attwidth><atprecis Sync="TRUE">0</atprecis><attscale Sync="TRUE">0</attscale><attrdef>Beachfront Geodetic Monument associated with collection transect</attrdef></attr><attr xmlns=""><attrlabl Sync="TRUE">Northing</attrlabl><attalias Sync="TRUE">Northing</attalias><attrtype Sync="TRUE">Double</attrtype><attwidth Sync="TRUE">8</attwidth><atprecis Sync="TRUE">0</atprecis><attscale Sync="TRUE">0</attscale><attrdef>State Plane Y of collection point</attrdef></attr><attr xmlns=""><attrlabl Sync="TRUE">Easting</attrlabl><attalias Sync="TRUE">Easting</attalias><attrtype Sync="TRUE">Double</attrtype><attwidth Sync="TRUE">8</attwidth><atprecis Sync="TRUE">0</atprecis><attscale Sync="TRUE">0</attscale><attrdef>State Plane X of collection point</attrdef></attr><attr xmlns=""><attrlabl Sync="TRUE">Elevation</attrlabl><attalias Sync="TRUE">Elevation</attalias><attrtype Sync="TRUE">Double</attrtype><attwidth Sync="TRUE">8</attwidth><atprecis Sync="TRUE">0</atprecis><attscale Sync="TRUE">0</attscale><attrdef>Elevation at collection point</attrdef></attr><attr xmlns=""><attrlabl Sync="TRUE">Year</attrlabl><attalias Sync="TRUE">Year</attalias><attrtype Sync="TRUE">Integer</attrtype><attwidth Sync="TRUE">4</attwidth><atprecis Sync="TRUE">0</atprecis><attscale Sync="TRUE">0</attscale><attrdef>Year collected</attrdef></attr><attr xmlns=""><attrlabl Sync="TRUE">Day</attrlabl><attalias Sync="TRUE">Day</attalias><attrtype Sync="TRUE">Integer</attrtype><attwidth Sync="TRUE">4</attwidth><atprecis Sync="TRUE">0</atprecis><attscale Sync="TRUE">0</attscale><attrdef>Day collected</attrdef></attr><attr xmlns=""><attrlabl Sync="TRUE">COL_DATE</attrlabl><attalias Sync="TRUE">COL_DATE</attalias><attrtype Sync="TRUE">String</attrtype><attwidth Sync="TRUE">15</attwidth><atprecis Sync="TRUE">0</atprecis><attscale Sync="TRUE">0</attscale><attrdef>Collection date</attrdef></attr><attr xmlns=""><attrlabl Sync="TRUE">BEACH</attrlabl><attalias Sync="TRUE">BEACH</attalias><attrtype Sync="TRUE">String</attrtype><attwidth Sync="TRUE">50</attwidth><atprecis Sync="TRUE">0</atprecis><attscale Sync="TRUE">0</attscale><attrdef>Beach Area  of collection point as determined by OCRM</attrdef></attr><attr xmlns=""><attrlabl Sync="TRUE">TRAN_ID</attrlabl><attalias Sync="TRUE">TRAN_ID</attalias><attrtype Sync="TRUE">String</attrtype><attwidth Sync="TRUE">10</attwidth><atprecis Sync="TRUE">0</atprecis><attscale Sync="TRUE">0</attscale><attrdef>Transect ID - Generalized reference to the historic monument number associated with collection point</attrdef></attr><attr xmlns=""><attrlabl Sync="TRUE">DFM</attrlabl><attalias Sync="TRUE">DFM</attalias><attrtype Sync="TRUE">Double</attrtype><attwidth Sync="TRUE">8</attwidth><atprecis Sync="TRUE">0</atprecis><attscale Sync="TRUE">0</attscale><attrdef>Distance from monument of collection point</attrdef></attr><attr xmlns=""><attrlabl Sync="TRUE">DFCP</attrlabl><attalias Sync="TRUE">DFCP</attalias><attrtype Sync="TRUE">Double</attrtype><attwidth Sync="TRUE">8</attwidth><atprecis Sync="TRUE">0</atprecis><attscale Sync="TRUE">0</attscale><attrdef>Distance from comparison point of collection point</attrdef></attr><attr xmlns=""><attrlabl Sync="TRUE">POINT_X</attrlabl><attalias Sync="TRUE">POINT_X</attalias><attrtype Sync="TRUE">Double</attrtype><attwidth Sync="TRUE">8</attwidth><atprecis Sync="TRUE">0</atprecis><attscale Sync="TRUE">0</attscale><attrdef>Longitude (NAD83 2011) of collection point</attrdef></attr><attr xmlns=""><attrlabl Sync="TRUE">POINT_Y</attrlabl><attalias Sync="TRUE">POINT_Y</attalias><attrtype Sync="TRUE">Double</attrtype><attwidth Sync="TRUE">8</attwidth><atprecis Sync="TRUE">0</atprecis><attscale Sync="TRUE">0</attscale><attrdef>Latitude (NAD83 2011) of collection point</attrdef></attr><attr xmlns=""><attrlabl Sync="TRUE">STATIC_ID</attrlabl><attalias Sync="TRUE">STATIC_ID</attalias><attrtype Sync="TRUE">Integer</attrtype><attwidth Sync="TRUE">4</attwidth><atprecis Sync="TRUE">0</atprecis><attscale Sync="TRUE">0</attscale><attrdef>Reference ID used in volumetric calculations</attrdef></attr></detailed></eainfo><mdDateSt Sync="TRUE">20170613</mdDateSt><mdChar><CharSetCd value="004"></CharSetCd></mdChar><mdContact xmlns=""><rpIndName>Jessica Boynton</rpIndName><rpOrgName>SCDHEC-OCRM</rpOrgName><rpPosName>Shoreline Specialist</rpPosName><role><RoleCd value="007"></RoleCd></role></mdContact><dqInfo><dataLineage><statement>Data was collected by Coastal Science &amp; Engineering.  Coastal Science &amp; Engineering PO Box 8056 Columbia SC 29202-8056  Data was provided to OCRM Project Manager for QA/QC using terms of the contract and RFP requirements.  Data was provided to OCRM GIS Manager for final preparation for storage, dissemination and application development.
</statement><prcStep xmlns=""><stepDesc>Data was collected by Coastal Science &amp; Engineering.  Method of Data Collection:  Bathymetric data was collected using the R/V Southern Echo which is a 24 ft vessel with an enclosed pilot house.  The vessel is equipped with a Trimble R-8 Model 2 GNSS receiver which is connected to a computer for positioning.  Positioning is brought to the RTK (Real Time Kinematics) centimeter level of accuracy by using the SCRTN (South Carolina Real Time Network).  Connection to the network is made over the internet by using a Verizon Wireless MiFi hotspot.  A single beam transducer (8* beam) is mounted on the stern of the vessel  which is connected to the Teledyne Odom CV100 Echo sounder which is then connected to the same computer.  The CV100 allows for soundings to be collected to the tenth of a foot.  Data acquisition software used is the current version Hypack 2015.Topography data is collected using a Trimble R-8 Model 2 GNSS receiver mounted on a 2 meter survey pole with topography foot for positioning.  Positioning is brought to the RTK (Real Time Kinematics) centimeter level of accuracy by using the SCRTN (South Carolina Real Time Network).  Connection to the network is made over the internet by using a Verizon Wireless MiFi hotspot.  The data is logged using a Trimble TSC3 data collector running the latest version of Trimble Access which is connected to the receiver via Bluetooth.  A John Deere Gator is used to transport crew down the beach in a quick, yet safe and low impact manner.Spatial References:  The horizontal datum for all data is South Carolina State Plane (Zone 3900) NAD83 (2011) with units of International Survey feet.  The vertical datum for all data is NAVD88 using the Geoid model 2012A CONUS with units in International Survey feet.  The Ellipsoid used is WGS-84 and the projection is Lambert Conformal Conic (standard for SC State Plane NAD83-2011).
</stepDesc></prcStep><prcStep xmlns=""><stepDesc>Project manager received all delivered beach topographic and bathymetric points, grouped by beach area. Project manager reviewed each of the 397 monument-based collections to determine if collection points fell within an acceptable distance of the path of the provisional transect (as provided to CSE by OCRM).
</stepDesc></prcStep><prcStep xmlns=""><stepDesc>Project manager worked with CSE to resolve issues where collection points did not comply with required contract standards addressing spatial accuracy.
</stepDesc></prcStep><prcStep xmlns=""><stepDesc>QA/QC'd data was provide to OCRM GIS Manager, grouped by beach area.  GIS Manager reviewed all collection points for missing or incorrect attributes, researched correct attribute values, and added/updated values where necessary.  GIS Manager inspected each transect "line" in order to identify gaps between sampling points in excess of 40 feet, and noted their positions.  GIS Manager inspected each transect "line" for occurrences of overlap, where points, which should be moving in the direction of beach to water, instead moved back toward beach before moving again toward water. Overlaps were corrected deleting points that created the "switchback".
</stepDesc></prcStep><prcStep xmlns=""><stepDesc>Data collection is monument-based. Monuments are occasionally relocated/reset. As such, collection start points change each year. To support comparison, the OCRM GIS Manager determined the most landward collection start for each transect using 2014-16 datasets, generated a polyline from those selected points, buffered the polyline 100 feet, extracted a new "comparison" polyline and generated comparison points (nearest vertices along the polyline compared to the select collection points) for each transect. Using the comparison points, distance values were re-calculated for every collection point. The purpose was to facilitate accurate charting within OCRM's BERM Explorer application.
</stepDesc></prcStep></dataLineage></dqInfo></metadata>
