<?xml version="1.0" encoding="UTF-8"?>
<metadata xml:lang="en"><Esri><CreaDate>20190514</CreaDate><CreaTime>16155000</CreaTime><ArcGISFormat>1.0</ArcGISFormat><SyncOnce>TRUE</SyncOnce><DataProperties><itemProps><itemLocation><linkage Sync="TRUE">file://\\coitsdatafs\users\nyarkosn\OFFICE DOC\BERM2017\BERM DOWNLOADS\ALL_BEACH_DOWNLOAD_DATA\DOWNLOADS\Daufuskie_Island_2018.csv</linkage><protocol Sync="TRUE">Local Area Network</protocol></itemLocation></itemProps><copyHistory><copy source="L:\OFFICE DOC\BERM2017\BERM DOWNLOADS\ALL_BEACH_DOWNLOAD_DATA\Daufuskie_Island_2018.csv" dest="\\coitsdatafs\users\nyarkosn\OFFICE DOC\BERM2017\BERM DOWNLOADS\ALL_BEACH_DOWNLOAD_DATA\DOWNLOADS\Daufuskie_Island_2018.csv" date="20190514" time="16155000"></copy></copyHistory></DataProperties></Esri></metadata>
