<?xml version="1.0" encoding="UTF-8"?>
<metadata xml:lang="en"><Esri><CreaDate>20170615</CreaDate><CreaTime>12542000</CreaTime><ArcGISFormat>1.0</ArcGISFormat><SyncOnce>FALSE</SyncOnce><DataProperties><lineage><Process ToolSource="c:\program files (x86)\arcgis\desktop10.5\ArcToolbox\Toolboxes\Data Management Tools.tbx\CalculateField" Date="20170501" Time="161601" Name="" export="">CalculateField BERM2014 Monument "5995" VB #</Process><Process ToolSource="c:\program files (x86)\arcgis\desktop10.5\ArcToolbox\Toolboxes\Data Management Tools.tbx\CalculateField" Date="20170501" Time="161821" Name="" export="">CalculateField BERM2014 Monument "5975" VB #</Process><Process ToolSource="c:\program files (x86)\arcgis\desktop10.5\ArcToolbox\Toolboxes\Data Management Tools.tbx\CalculateField" Date="20170501" Time="162017" Name="" export="">CalculateField BERM2014 Monument "5960" VB #</Process><Process ToolSource="c:\program files (x86)\arcgis\desktop10.5\ArcToolbox\Toolboxes\Data Management Tools.tbx\CalculateField" Date="20170502" Time="105128" Name="" export="">CalculateField BERM2014 Monument "5945" VB #</Process><Process ToolSource="c:\program files (x86)\arcgis\desktop10.5\ArcToolbox\Toolboxes\Data Management Tools.tbx\CalculateField" Date="20170502" Time="105607" Name="" export="">CalculateField BERM2014 Monument "5900C" VB #</Process><Process ToolSource="c:\program files (x86)\arcgis\desktop10.5\ArcToolbox\Toolboxes\Data Management Tools.tbx\CalculateField" Date="20170502" Time="105852" Name="" export="">CalculateField BERM2014 Monument "5895" VB #</Process><Process ToolSource="c:\program files (x86)\arcgis\desktop10.5\ArcToolbox\Toolboxes\Data Management Tools.tbx\CalculateField" Date="20170502" Time="105935" Name="" export="">CalculateField BERM2014 Monument "5890" VB #</Process><Process ToolSource="c:\program files (x86)\arcgis\desktop10.5\ArcToolbox\Toolboxes\Data Management Tools.tbx\CalculateField" Date="20170502" Time="110013" Name="" export="">CalculateField BERM2014 Monument "5885" VB #</Process><Process ToolSource="c:\program files (x86)\arcgis\desktop10.5\ArcToolbox\Toolboxes\Data Management Tools.tbx\CalculateField" Date="20170502" Time="110048" Name="" export="">CalculateField BERM2014 Monument "5880" VB #</Process><Process ToolSource="c:\program files (x86)\arcgis\desktop10.5\ArcToolbox\Toolboxes\Data Management Tools.tbx\CalculateField" Date="20170502" Time="110125" Name="" export="">CalculateField BERM2014 Monument "5875A" VB #</Process><Process ToolSource="c:\program files (x86)\arcgis\desktop10.5\ArcToolbox\Toolboxes\Data Management Tools.tbx\CalculateField" Date="20170502" Time="110204" Name="" export="">CalculateField BERM2014 Monument "5870" VB #</Process><Process ToolSource="c:\program files (x86)\arcgis\desktop10.5\ArcToolbox\Toolboxes\Data Management Tools.tbx\CalculateField" Date="20170502" Time="110235" Name="" export="">CalculateField BERM2014 Monument "5865" VB #</Process><Process ToolSource="c:\program files (x86)\arcgis\desktop10.5\ArcToolbox\Toolboxes\Data Management Tools.tbx\CalculateField" Date="20170502" Time="110409" Name="" export="">CalculateField BERM2014 Monument "5850" VB #</Process><Process ToolSource="c:\program files (x86)\arcgis\desktop10.5\ArcToolbox\Toolboxes\Data Management Tools.tbx\CalculateField" Date="20170502" Time="110442" Name="" export="">CalculateField BERM2014 Monument "5845" VB #</Process><Process ToolSource="c:\program files (x86)\arcgis\desktop10.5\ArcToolbox\Toolboxes\Data Management Tools.tbx\CalculateField" Date="20170502" Time="110507" Name="" export="">CalculateField BERM2014 Monument "5840" VB #</Process><Process ToolSource="c:\program files (x86)\arcgis\desktop10.5\ArcToolbox\Toolboxes\Data Management Tools.tbx\CalculateField" Date="20170502" Time="110534" Name="" export="">CalculateField BERM2014 Monument "5835" VB #</Process><Process ToolSource="c:\program files (x86)\arcgis\desktop10.5\ArcToolbox\Toolboxes\Data Management Tools.tbx\CalculateField" Date="20170502" Time="110632" Name="" export="">CalculateField BERM2014 Monument "5825" VB #</Process><Process ToolSource="c:\program files (x86)\arcgis\desktop10.5\ArcToolbox\Toolboxes\Data Management Tools.tbx\CalculateField" Date="20170502" Time="110657" Name="" export="">CalculateField BERM2014 Monument "5820" VB #</Process><Process ToolSource="c:\program files (x86)\arcgis\desktop10.5\ArcToolbox\Toolboxes\Data Management Tools.tbx\CalculateField" Date="20170502" Time="110725" Name="" export="">CalculateField BERM2014 Monument "5818" VB #</Process><Process ToolSource="c:\program files (x86)\arcgis\desktop10.5\ArcToolbox\Toolboxes\Data Management Tools.tbx\CalculateField" Date="20170502" Time="110749" Name="" export="">CalculateField BERM2014 Monument "5815" VB #</Process><Process ToolSource="c:\program files (x86)\arcgis\desktop10.5\ArcToolbox\Toolboxes\Data Management Tools.tbx\CalculateField" Date="20170502" Time="110812" Name="" export="">CalculateField BERM2014 Monument "5810" VB #</Process><Process ToolSource="c:\program files (x86)\arcgis\desktop10.5\ArcToolbox\Toolboxes\Data Management Tools.tbx\CalculateField" Date="20170502" Time="110840" Name="" export="">CalculateField BERM2014 Monument "5805" VB #</Process><Process ToolSource="c:\program files (x86)\arcgis\desktop10.5\ArcToolbox\Toolboxes\Data Management Tools.tbx\CalculateField" Date="20170502" Time="110904" Name="" export="">CalculateField BERM2014 Monument "5803" VB #</Process><Process ToolSource="c:\program files (x86)\arcgis\desktop10.5\ArcToolbox\Toolboxes\Data Management Tools.tbx\CalculateField" Date="20170502" Time="110934" Name="" export="">CalculateField BERM2014 Monument "5800" VB #</Process><Process ToolSource="c:\program files (x86)\arcgis\desktop10.5\ArcToolbox\Toolboxes\Data Management Tools.tbx\CalculateField" Date="20170502" Time="111010" Name="" export="">CalculateField BERM2014 Monument "5798" VB #</Process><Process ToolSource="c:\program files (x86)\arcgis\desktop10.5\ArcToolbox\Toolboxes\Data Management Tools.tbx\CalculateField" Date="20170502" Time="111041" Name="" export="">CalculateField BERM2014 Monument "5795" VB #</Process><Process ToolSource="c:\program files (x86)\arcgis\desktop10.5\ArcToolbox\Toolboxes\Data Management Tools.tbx\CalculateField" Date="20170531" Time="102654" Name="" export="">CalculateField BERM2014 Monument "5790" VB #</Process><Process ToolSource="c:\program files (x86)\arcgis\desktop10.5\ArcToolbox\Toolboxes\Data Management Tools.tbx\CalculateField" Date="20170531" Time="103005" Name="" export="">CalculateField BERM2014 Monument "5785" VB #</Process><Process ToolSource="c:\program files (x86)\arcgis\desktop10.5\ArcToolbox\Toolboxes\Data Management Tools.tbx\CalculateField" Date="20170531" Time="103236" Name="" export="">CalculateField BERM2014 Monument "5780" VB #</Process><Process ToolSource="c:\program files (x86)\arcgis\desktop10.5\ArcToolbox\Toolboxes\Data Management Tools.tbx\CalculateField" Date="20170531" Time="103312" Name="" export="">CalculateField BERM2014 Monument "5775" VB #</Process><Process ToolSource="c:\program files (x86)\arcgis\desktop10.5\ArcToolbox\Toolboxes\Data Management Tools.tbx\CalculateField" Date="20170531" Time="103408" Name="" export="">CalculateField BERM2014 Monument "5770" VB #</Process><Process ToolSource="c:\program files (x86)\arcgis\desktop10.5\ArcToolbox\Toolboxes\Data Management Tools.tbx\CalculateField" Date="20170531" Time="103444" Name="" export="">CalculateField BERM2014 Monument "5760" VB #</Process><Process ToolSource="c:\program files (x86)\arcgis\desktop10.5\ArcToolbox\Toolboxes\Data Management Tools.tbx\CalculateField" Date="20170531" Time="103527" Name="" export="">CalculateField BERM2014 Monument "5755" VB #</Process><Process ToolSource="c:\program files (x86)\arcgis\desktop10.5\ArcToolbox\Toolboxes\Data Management Tools.tbx\CalculateField" Date="20170531" Time="103613" Name="" export="">CalculateField BERM2014 Monument "5750" VB #</Process><Process ToolSource="c:\program files (x86)\arcgis\desktop10.5\ArcToolbox\Toolboxes\Data Management Tools.tbx\CalculateField" Date="20170531" Time="103641" Name="" export="">CalculateField BERM2014 Monument "5745" VB #</Process><Process ToolSource="c:\program files (x86)\arcgis\desktop10.5\ArcToolbox\Toolboxes\Data Management Tools.tbx\CalculateField" Date="20170531" Time="103733" Name="" export="">CalculateField BERM2014 Monument "5740" VB #</Process><Process ToolSource="c:\program files (x86)\arcgis\desktop10.5\ArcToolbox\Toolboxes\Data Management Tools.tbx\CalculateField" Date="20170531" Time="103757" Name="" export="">CalculateField BERM2014 Monument "5740" VB #</Process><Process ToolSource="c:\program files (x86)\arcgis\desktop10.5\ArcToolbox\Toolboxes\Data Management Tools.tbx\CalculateField" Date="20170531" Time="103833" Name="" export="">CalculateField BERM2014 Monument "5735" VB #</Process><Process ToolSource="c:\program files (x86)\arcgis\desktop10.5\ArcToolbox\Toolboxes\Data Management Tools.tbx\CalculateField" Date="20170531" Time="103912" Name="" export="">CalculateField BERM2014 Monument "5725C" VB #</Process><Process ToolSource="c:\program files (x86)\arcgis\desktop10.5\ArcToolbox\Toolboxes\Data Management Tools.tbx\CalculateField" Date="20170531" Time="103943" Name="" export="">CalculateField BERM2014 Monument "5725C" VB #</Process><Process ToolSource="c:\program files (x86)\arcgis\desktop10.5\ArcToolbox\Toolboxes\Data Management Tools.tbx\CalculateField" Date="20170531" Time="104028" Name="" export="">CalculateField BERM2014 Monument "5715" VB #</Process><Process ToolSource="c:\program files (x86)\arcgis\desktop10.5\ArcToolbox\Toolboxes\Data Management Tools.tbx\CalculateField" Date="20170531" Time="104114" Name="" export="">CalculateField BERM2014 Monument "5700A" VB #</Process><Process ToolSource="c:\program files (x86)\arcgis\desktop10.5\ArcToolbox\Toolboxes\Data Management Tools.tbx\CalculateField" Date="20170531" Time="104219" Name="" export="">CalculateField BERM2014 Monument "5580" VB #</Process><Process ToolSource="c:\program files (x86)\arcgis\desktop10.5\ArcToolbox\Toolboxes\Data Management Tools.tbx\CalculateField" Date="20170531" Time="114226" Name="" export="">CalculateField BERM2014 Monument "5220" VB #</Process><Process ToolSource="c:\program files (x86)\arcgis\desktop10.5\ArcToolbox\Toolboxes\Data Management Tools.tbx\CalculateField" Date="20170531" Time="114410" Name="" export="">CalculateField BERM2014 Monument "5200C" VB #</Process><Process ToolSource="c:\program files (x86)\arcgis\desktop10.5\ArcToolbox\Toolboxes\Data Management Tools.tbx\CalculateField" Date="20170531" Time="120242" Name="" export="">CalculateField BERM2014 Monument "5140" VB #</Process><Process ToolSource="c:\program files (x86)\arcgis\desktop10.5\ArcToolbox\Toolboxes\Data Management Tools.tbx\CalculateField" Date="20170531" Time="120321" Name="" export="">CalculateField BERM2014 Monument "5130" VB #</Process><Process ToolSource="c:\program files (x86)\arcgis\desktop10.5\ArcToolbox\Toolboxes\Data Management Tools.tbx\CalculateField" Date="20170531" Time="120353" Name="" export="">CalculateField BERM2014 Monument "5120" VB #</Process><Process ToolSource="c:\program files (x86)\arcgis\desktop10.5\ArcToolbox\Toolboxes\Data Management Tools.tbx\CalculateField" Date="20170531" Time="120432" Name="" export="">CalculateField BERM2014 Monument "5100" VB #</Process><Process ToolSource="c:\program files (x86)\arcgis\desktop10.5\ArcToolbox\Toolboxes\Data Management Tools.tbx\CalculateField" Date="20170531" Time="120511" Name="" export="">CalculateField BERM2014 Monument "5035" VB #</Process><Process ToolSource="c:\program files (x86)\arcgis\desktop10.5\ArcToolbox\Toolboxes\Data Management Tools.tbx\CalculateField" Date="20170531" Time="120540" Name="" export="">CalculateField BERM2014 Monument "5030" VB #</Process><Process ToolSource="c:\program files (x86)\arcgis\desktop10.5\ArcToolbox\Toolboxes\Data Management Tools.tbx\CalculateField" Date="20170531" Time="120637" Name="" export="">CalculateField BERM2014 Monument "5015" VB #</Process><Process ToolSource="c:\program files (x86)\arcgis\desktop10.5\ArcToolbox\Toolboxes\Data Management Tools.tbx\CalculateField" Date="20170531" Time="120753" Name="" export="">CalculateField BERM2014 Monument "4980" VB #</Process><Process ToolSource="c:\program files (x86)\arcgis\desktop10.5\ArcToolbox\Toolboxes\Data Management Tools.tbx\CalculateField" Date="20170531" Time="120832" Name="" export="">CalculateField BERM2014 Monument "4975" VB #</Process><Process ToolSource="c:\program files (x86)\arcgis\desktop10.5\ArcToolbox\Toolboxes\Data Management Tools.tbx\CalculateField" Date="20170531" Time="120903" Name="" export="">CalculateField BERM2014 Monument "4970" VB #</Process><Process ToolSource="c:\program files (x86)\arcgis\desktop10.5\ArcToolbox\Toolboxes\Data Management Tools.tbx\CalculateField" Date="20170531" Time="120921" Name="" export="">CalculateField BERM2014 Monument "4970" VB #</Process><Process ToolSource="c:\program files (x86)\arcgis\desktop10.5\ArcToolbox\Toolboxes\Data Management Tools.tbx\CalculateField" Date="20170531" Time="120959" Name="" export="">CalculateField BERM2014 Monument "4950" VB #</Process><Process ToolSource="c:\program files (x86)\arcgis\desktop10.5\ArcToolbox\Toolboxes\Data Management Tools.tbx\CalculateField" Date="20170531" Time="121040" Name="" export="">CalculateField BERM2014 Monument "4935" VB #</Process><Process ToolSource="c:\program files (x86)\arcgis\desktop10.5\ArcToolbox\Toolboxes\Data Management Tools.tbx\CalculateField" Date="20170531" Time="121119" Name="" export="">CalculateField BERM2014 Monument "4920" VB #</Process><Process ToolSource="c:\program files (x86)\arcgis\desktop10.5\ArcToolbox\Toolboxes\Data Management Tools.tbx\CalculateField" Date="20170531" Time="121150" Name="" export="">CalculateField BERM2014 Monument "4915" VB #</Process><Process ToolSource="c:\program files (x86)\arcgis\desktop10.5\ArcToolbox\Toolboxes\Data Management Tools.tbx\CalculateField" Date="20170531" Time="121218" Name="" export="">CalculateField BERM2014 Monument "4910" VB #</Process><Process ToolSource="c:\program files (x86)\arcgis\desktop10.5\ArcToolbox\Toolboxes\Data Management Tools.tbx\CalculateField" Date="20170531" Time="121534" Name="" export="">CalculateField BERM2014 Monument "2250" VB #</Process><Process ToolSource="c:\program files (x86)\arcgis\desktop10.5\ArcToolbox\Toolboxes\Data Management Tools.tbx\CalculateField" Date="20170531" Time="121556" Name="" export="">CalculateField BERM2014 Monument "2230" VB #</Process><Process ToolSource="c:\program files (x86)\arcgis\desktop10.5\ArcToolbox\Toolboxes\Data Management Tools.tbx\CalculateField" Date="20170531" Time="121626" Name="" export="">CalculateField BERM2014 Monument "2210" VB #</Process><Process ToolSource="c:\program files (x86)\arcgis\desktop10.5\ArcToolbox\Toolboxes\Data Management Tools.tbx\CalculateField" Date="20170531" Time="121652" Name="" export="">CalculateField BERM2014 Monument "2200" VB #</Process><Process ToolSource="c:\program files (x86)\arcgis\desktop10.5\ArcToolbox\Toolboxes\Data Management Tools.tbx\CalculateField" Date="20170531" Time="121719" Name="" export="">CalculateField BERM2014 Monument "2198" VB #</Process><Process ToolSource="c:\program files (x86)\arcgis\desktop10.5\ArcToolbox\Toolboxes\Data Management Tools.tbx\CalculateField" Date="20170531" Time="121741" Name="" export="">CalculateField BERM2014 Monument "2195" VB #</Process><Process ToolSource="c:\program files (x86)\arcgis\desktop10.5\ArcToolbox\Toolboxes\Data Management Tools.tbx\CalculateField" Date="20170531" Time="121759" Name="" export="">CalculateField BERM2014 Monument "2195" VB #</Process><Process ToolSource="c:\program files (x86)\arcgis\desktop10.5\ArcToolbox\Toolboxes\Data Management Tools.tbx\CalculateField" Date="20170531" Time="121822" Name="" export="">CalculateField BERM2014 Monument "2193" VB #</Process><Process ToolSource="c:\program files (x86)\arcgis\desktop10.5\ArcToolbox\Toolboxes\Data Management Tools.tbx\CalculateField" Date="20170531" Time="121849" Name="" export="">CalculateField BERM2014 Monument "2185" VB #</Process><Process ToolSource="c:\program files (x86)\arcgis\desktop10.5\ArcToolbox\Toolboxes\Data Management Tools.tbx\CalculateField" Date="20170531" Time="121908" Name="" export="">CalculateField BERM2014 Monument "2180" VB #</Process><Process ToolSource="c:\program files (x86)\arcgis\desktop10.5\ArcToolbox\Toolboxes\Data Management Tools.tbx\CalculateField" Date="20170531" Time="121948" Name="" export="">CalculateField BERM2014 Monument "2178" VB #</Process><Process ToolSource="c:\program files (x86)\arcgis\desktop10.5\ArcToolbox\Toolboxes\Data Management Tools.tbx\CalculateField" Date="20170531" Time="122007" Name="" export="">CalculateField BERM2014 Monument "2173" VB #</Process><Process ToolSource="c:\program files (x86)\arcgis\desktop10.5\ArcToolbox\Toolboxes\Data Management Tools.tbx\CalculateField" Date="20170531" Time="122031" Name="" export="">CalculateField BERM2014 Monument "2170" VB #</Process><Process ToolSource="c:\program files (x86)\arcgis\desktop10.5\ArcToolbox\Toolboxes\Data Management Tools.tbx\CalculateField" Date="20170531" Time="122137" Name="" export="">CalculateField BERM2014 Monument "2165" VB #</Process><Process ToolSource="c:\program files (x86)\arcgis\desktop10.5\ArcToolbox\Toolboxes\Data Management Tools.tbx\CalculateField" Date="20170531" Time="122157" Name="" export="">CalculateField BERM2014 Monument "2160" VB #</Process><Process ToolSource="c:\program files (x86)\arcgis\desktop10.5\ArcToolbox\Toolboxes\Data Management Tools.tbx\CalculateField" Date="20170531" Time="122216" Name="" export="">CalculateField BERM2014 Monument "2155" VB #</Process><Process ToolSource="c:\program files (x86)\arcgis\desktop10.5\ArcToolbox\Toolboxes\Data Management Tools.tbx\CalculateField" Date="20170531" Time="122238" Name="" export="">CalculateField BERM2014 Monument "2150" VB #</Process><Process ToolSource="c:\program files (x86)\arcgis\desktop10.5\ArcToolbox\Toolboxes\Data Management Tools.tbx\CalculateField" Date="20170531" Time="122258" Name="" export="">CalculateField BERM2014 Monument "2145" VB #</Process><Process ToolSource="c:\program files (x86)\arcgis\desktop10.5\ArcToolbox\Toolboxes\Data Management Tools.tbx\CalculateField" Date="20170531" Time="122504" Name="" export="">CalculateField BERM2014 Monument "2140" VB #</Process><Process ToolSource="c:\program files (x86)\arcgis\desktop10.5\ArcToolbox\Toolboxes\Data Management Tools.tbx\CalculateField" Date="20170531" Time="122625" Name="" export="">CalculateField BERM2014 Monument "2135" VB #</Process><Process ToolSource="c:\program files (x86)\arcgis\desktop10.5\ArcToolbox\Toolboxes\Data Management Tools.tbx\CalculateField" Date="20170531" Time="122647" Name="" export="">CalculateField BERM2014 Monument "2130" VB #</Process><Process ToolSource="c:\program files (x86)\arcgis\desktop10.5\ArcToolbox\Toolboxes\Data Management Tools.tbx\CalculateField" Date="20170531" Time="122707" Name="" export="">CalculateField BERM2014 Monument "2120" VB #</Process><Process ToolSource="c:\program files (x86)\arcgis\desktop10.5\ArcToolbox\Toolboxes\Data Management Tools.tbx\CalculateField" Date="20170531" Time="122732" Name="" export="">CalculateField BERM2014 Monument "2115" VB #</Process><Process ToolSource="c:\program files (x86)\arcgis\desktop10.5\ArcToolbox\Toolboxes\Data Management Tools.tbx\CalculateField" Date="20170531" Time="122751" Name="" export="">CalculateField BERM2014 Monument "2113" VB #</Process><Process ToolSource="c:\program files (x86)\arcgis\desktop10.5\ArcToolbox\Toolboxes\Data Management Tools.tbx\CalculateField" Date="20170531" Time="122814" Name="" export="">CalculateField BERM2014 Monument "2110" VB #</Process><Process ToolSource="c:\program files (x86)\arcgis\desktop10.5\ArcToolbox\Toolboxes\Data Management Tools.tbx\CalculateField" Date="20170531" Time="124632" Name="" export="">CalculateField BERM2014 Monument "2878" VB #</Process><Process ToolSource="c:\program files (x86)\arcgis\desktop10.5\ArcToolbox\Toolboxes\Data Management Tools.tbx\CalculateField" Date="20170531" Time="124652" Name="" export="">CalculateField BERM2014 Monument "2875" VB #</Process><Process ToolSource="c:\program files (x86)\arcgis\desktop10.5\ArcToolbox\Toolboxes\Data Management Tools.tbx\CalculateField" Date="20170531" Time="124717" Name="" export="">CalculateField BERM2014 Monument "2873" VB #</Process><Process ToolSource="c:\program files (x86)\arcgis\desktop10.5\ArcToolbox\Toolboxes\Data Management Tools.tbx\CalculateField" Date="20170531" Time="124739" Name="" export="">CalculateField BERM2014 Monument "2867" VB #</Process><Process ToolSource="c:\program files (x86)\arcgis\desktop10.5\ArcToolbox\Toolboxes\Data Management Tools.tbx\CalculateField" Date="20170531" Time="124819" Name="" export="">CalculateField BERM2014 Monument "2855" VB #</Process><Process ToolSource="c:\program files (x86)\arcgis\desktop10.5\ArcToolbox\Toolboxes\Data Management Tools.tbx\CalculateField" Date="20170531" Time="124846" Name="" export="">CalculateField BERM2014 Monument "2838" VB #</Process><Process ToolSource="c:\program files (x86)\arcgis\desktop10.5\ArcToolbox\Toolboxes\Data Management Tools.tbx\CalculateField" Date="20170531" Time="124908" Name="" export="">CalculateField BERM2014 Monument "2835" VB #</Process><Process ToolSource="c:\program files (x86)\arcgis\desktop10.5\ArcToolbox\Toolboxes\Data Management Tools.tbx\CalculateField" Date="20170531" Time="124932" Name="" export="">CalculateField BERM2014 Monument "2830" VB #</Process><Process ToolSource="c:\program files (x86)\arcgis\desktop10.5\ArcToolbox\Toolboxes\Data Management Tools.tbx\CalculateField" Date="20170531" Time="124953" Name="" export="">CalculateField BERM2014 Monument "2828" VB #</Process><Process ToolSource="c:\program files (x86)\arcgis\desktop10.5\ArcToolbox\Toolboxes\Data Management Tools.tbx\CalculateField" Date="20170531" Time="125016" Name="" export="">CalculateField BERM2014 Monument "2823" VB #</Process><Process ToolSource="c:\program files (x86)\arcgis\desktop10.5\ArcToolbox\Toolboxes\Data Management Tools.tbx\CalculateField" Date="20170531" Time="125038" Name="" export="">CalculateField BERM2014 Monument "2818" VB #</Process><Process ToolSource="c:\program files (x86)\arcgis\desktop10.5\ArcToolbox\Toolboxes\Data Management Tools.tbx\CalculateField" Date="20170531" Time="125107" Name="" export="">CalculateField BERM2014 Monument "2815" VB #</Process><Process ToolSource="c:\program files (x86)\arcgis\desktop10.5\ArcToolbox\Toolboxes\Data Management Tools.tbx\CalculateField" Date="20170531" Time="125129" Name="" export="">CalculateField BERM2014 Monument "2813" VB #</Process><Process ToolSource="c:\program files (x86)\arcgis\desktop10.5\ArcToolbox\Toolboxes\Data Management Tools.tbx\CalculateField" Date="20170531" Time="125152" Name="" export="">CalculateField BERM2014 Monument "2810" VB #</Process><Process ToolSource="c:\program files (x86)\arcgis\desktop10.5\ArcToolbox\Toolboxes\Data Management Tools.tbx\CalculateField" Date="20170531" Time="125239" Name="" export="">CalculateField BERM2014 Monument "2805" VB #</Process><Process ToolSource="c:\program files (x86)\arcgis\desktop10.5\ArcToolbox\Toolboxes\Data Management Tools.tbx\CalculateField" Date="20170531" Time="125519" Name="" export="">CalculateField BERM2014 Monument "2803" VB #</Process><Process ToolSource="c:\program files (x86)\arcgis\desktop10.5\ArcToolbox\Toolboxes\Data Management Tools.tbx\CalculateField" Date="20170531" Time="131332" Name="" export="">CalculateField BERM2014 Monument "2885" VB #</Process><Process ToolSource="c:\program files (x86)\arcgis\desktop10.5\ArcToolbox\Toolboxes\Data Management Tools.tbx\Merge" Date="20170601" Time="140529" Name="" export="">Merge BERM2014;2014REDOS C:\Users\boulwajb\Documents\ArcGIS\Default.gdb\BERM2014_Merge "OBJECTID "OBJECTID" true true false 10 Long 0 10 ,First,#,BERM2014,OBJECTID,-1,-1,2014REDOS,OBJECTID,-1,-1;Easting "Easting" true true false 19 Double 0 0 ,First,#,BERM2014,Easting,-1,-1,2014REDOS,Easting,-1,-1;Northing "Northing" true true false 19 Double 0 0 ,First,#,BERM2014,Northing,-1,-1,2014REDOS,Northing,-1,-1;Elevation "Elevation" true true false 19 Double 0 0 ,First,#,BERM2014,Elevation,-1,-1,2014REDOS,Elevation,-1,-1;DBL "DBL" true true false 19 Double 0 0 ,First,#,BERM2014,DBL,-1,-1,2014REDOS,DBL,-1,-1;Monument "Monument" true true false 254 Text 0 0 ,First,#,BERM2014,Monument,-1,-1,2014REDOS,Monument,-1,-1;Year "Year" true true false 10 Long 0 10 ,First,#,BERM2014,Year,-1,-1,2014REDOS,Year,-1,-1;Day "Day" true true false 10 Long 0 10 ,First,#,BERM2014,Day,-1,-1,2014REDOS,Day,-1,-1;Location "Location" true true false 254 Text 0 0 ,First,#,BERM2014,Location,-1,-1,2014REDOS,Location,-1,-1"</Process><Process ToolSource="c:\program files (x86)\arcgis\desktop10.5\ArcToolbox\Toolboxes\Data Management Tools.tbx\CalculateField" Date="20170607" Time="143743" Name="" export="">CalculateField BERM2014 Day 339 VB #</Process><Process ToolSource="c:\program files (x86)\arcgis\desktop10.5\ArcToolbox\Toolboxes\Data Management Tools.tbx\CalculateField" Date="20170607" Time="143829" Name="" export="">CalculateField BERM2014 Year 2013 VB #</Process><Process ToolSource="c:\program files (x86)\arcgis\desktop10.5\ArcToolbox\Toolboxes\Data Management Tools.tbx\CalculateField" Date="20170607" Time="143905" Name="" export="">CalculateField BERM2014 COL_DATE "12/5/2013" VB #</Process><Process ToolSource="c:\program files (x86)\arcgis\desktop10.5\ArcToolbox\Toolboxes\Data Management Tools.tbx\CalculateField" Date="20170607" Time="144044" Name="" export="">CalculateField BERM2014 COL_DATE "12/5/2013" VB #</Process><Process ToolSource="c:\program files (x86)\arcgis\desktop10.5\ArcToolbox\Toolboxes\Data Management Tools.tbx\CalculateField" Date="20170607" Time="144140" Name="" export="">CalculateField BERM2014 Location "Sullivans" VB #</Process><Process ToolSource="c:\program files (x86)\arcgis\desktop10.5\ArcToolbox\Toolboxes\Data Management Tools.tbx\CalculateField" Date="20170607" Time="144146" Name="" export="">CalculateField BERM2014 Day 339 VB #</Process><Process ToolSource="c:\program files (x86)\arcgis\desktop10.5\ArcToolbox\Toolboxes\Data Management Tools.tbx\CalculateField" Date="20170607" Time="144152" Name="" export="">CalculateField BERM2014 Year 2013 VB #</Process><Process ToolSource="c:\program files (x86)\arcgis\desktop10.5\ArcToolbox\Toolboxes\Data Management Tools.tbx\CalculateField" Date="20170607" Time="144330" Name="" export="">CalculateField BERM2014 Location "Sullivans" VB #</Process><Process ToolSource="c:\program files (x86)\arcgis\desktop10.5\ArcToolbox\Toolboxes\Data Management Tools.tbx\CalculateField" Date="20170607" Time="144656" Name="" export="">CalculateField BERM2014 Year 2013 VB #</Process><Process ToolSource="c:\program files (x86)\arcgis\desktop10.5\ArcToolbox\Toolboxes\Data Management Tools.tbx\CalculateField" Date="20170607" Time="144701" Name="" export="">CalculateField BERM2014 Day 255 VB #</Process><Process ToolSource="c:\program files (x86)\arcgis\desktop10.5\ArcToolbox\Toolboxes\Data Management Tools.tbx\CalculateField" Date="20170607" Time="144709" Name="" export="">CalculateField BERM2014 COL_DATE "9/12/2013" VB #</Process><Process ToolSource="c:\program files (x86)\arcgis\desktop10.5\ArcToolbox\Toolboxes\Data Management Tools.tbx\CalculateField" Date="20170607" Time="144823" Name="" export="">CalculateField BERM2014 Location "N. Myrtle" VB #</Process><Process ToolSource="c:\program files (x86)\arcgis\desktop10.5\ArcToolbox\Toolboxes\Data Management Tools.tbx\CalculateField" Date="20170607" Time="145133" Name="" export="">CalculateField BERM2014 COL_DATE "9/10/2013" VB #</Process><Process ToolSource="c:\program files (x86)\arcgis\desktop10.5\ArcToolbox\Toolboxes\Data Management Tools.tbx\CalculateField" Date="20170607" Time="145143" Name="" export="">CalculateField BERM2014 Location "Garden City" VB #</Process><Process ToolSource="c:\program files (x86)\arcgis\desktop10.5\ArcToolbox\Toolboxes\Data Management Tools.tbx\CalculateField" Date="20170607" Time="145149" Name="" export="">CalculateField BERM2014 Day 253 VB #</Process><Process ToolSource="c:\program files (x86)\arcgis\desktop10.5\ArcToolbox\Toolboxes\Data Management Tools.tbx\CalculateField" Date="20170607" Time="145156" Name="" export="">CalculateField BERM2014 Year 2013 VB #</Process><Process ToolSource="c:\program files (x86)\arcgis\desktop10.5\ArcToolbox\Toolboxes\Data Management Tools.tbx\CalculateField" Date="20170607" Time="145304" Name="" export="">CalculateField BERM2014 COL_DATE "9/10/2013" VB #</Process><Process ToolSource="c:\program files (x86)\arcgis\desktop10.5\ArcToolbox\Toolboxes\Data Management Tools.tbx\CalculateField" Date="20170607" Time="145410" Name="" export="">CalculateField BERM2014 Location "Garden City" VB #</Process><Process ToolSource="c:\program files (x86)\arcgis\desktop10.5\ArcToolbox\Toolboxes\Data Management Tools.tbx\CalculateField" Date="20170607" Time="145416" Name="" export="">CalculateField BERM2014 Day 253 VB #</Process><Process ToolSource="c:\program files (x86)\arcgis\desktop10.5\ArcToolbox\Toolboxes\Data Management Tools.tbx\CalculateField" Date="20170607" Time="145422" Name="" export="">CalculateField BERM2014 Year 2013 VB #</Process><Process ToolSource="c:\program files (x86)\arcgis\desktop10.5\ArcToolbox\Toolboxes\Data Management Tools.tbx\CalculateField" Date="20170607" Time="145557" Name="" export="">CalculateField BERM2014 COL_DATE "9/10/2013" VB #</Process><Process ToolSource="c:\program files (x86)\arcgis\desktop10.5\ArcToolbox\Toolboxes\Data Management Tools.tbx\CalculateField" Date="20170607" Time="145606" Name="" export="">CalculateField BERM2014 Location "Garden City" VB #</Process><Process ToolSource="c:\program files (x86)\arcgis\desktop10.5\ArcToolbox\Toolboxes\Data Management Tools.tbx\CalculateField" Date="20170607" Time="145612" Name="" export="">CalculateField BERM2014 Day 253 VB #</Process><Process ToolSource="c:\program files (x86)\arcgis\desktop10.5\ArcToolbox\Toolboxes\Data Management Tools.tbx\CalculateField" Date="20170607" Time="145618" Name="" export="">CalculateField BERM2014 Year 2013 VB #</Process><Process ToolSource="c:\program files (x86)\arcgis\desktop10.5\ArcToolbox\Toolboxes\Data Management Tools.tbx\CalculateField" Date="20170607" Time="145941" Name="" export="">CalculateField BERM2014 Location "Garden City" VB #</Process><Process ToolSource="c:\program files (x86)\arcgis\desktop10.5\ArcToolbox\Toolboxes\Data Management Tools.tbx\CalculateField" Date="20170607" Time="150038" Name="" export="">CalculateField BERM2014 Day 253 VB #</Process><Process ToolSource="c:\program files (x86)\arcgis\desktop10.5\ArcToolbox\Toolboxes\Data Management Tools.tbx\CalculateField" Date="20170607" Time="150044" Name="" export="">CalculateField BERM2014 Year 2013 VB #</Process><Process ToolSource="c:\program files (x86)\arcgis\desktop10.5\ArcToolbox\Toolboxes\Data Management Tools.tbx\CalculateField" Date="20170607" Time="150050" Name="" export="">CalculateField BERM2014 COL_DATE "9/10/2013" VB #</Process><Process ToolSource="c:\program files (x86)\arcgis\desktop10.5\ArcToolbox\Toolboxes\Data Management Tools.tbx\CalculateField" Date="20170607" Time="153019" Name="" export="">CalculateField BERM2014 BEACH "Arcadian Shores" VB #</Process><Process ToolSource="c:\program files (x86)\arcgis\desktop10.5\ArcToolbox\Toolboxes\Data Management Tools.tbx\CalculateField" Date="20170607" Time="153050" Name="" export="">CalculateField BERM2014 BEACH "Daufuskie Island" VB #</Process><Process ToolSource="c:\program files (x86)\arcgis\desktop10.5\ArcToolbox\Toolboxes\Data Management Tools.tbx\CalculateField" Date="20170607" Time="153127" Name="" export="">CalculateField BERM2014 BEACH "Debidue Beach" VB #</Process><Process ToolSource="c:\program files (x86)\arcgis\desktop10.5\ArcToolbox\Toolboxes\Data Management Tools.tbx\CalculateField" Date="20170607" Time="153159" Name="" export="">CalculateField BERM2014 BEACH "Dewees Island" VB #</Process><Process ToolSource="c:\program files (x86)\arcgis\desktop10.5\ArcToolbox\Toolboxes\Data Management Tools.tbx\CalculateField" Date="20170607" Time="153238" Name="" export="">CalculateField BERM2014 BEACH "Edisto Beach" VB #</Process><Process ToolSource="c:\program files (x86)\arcgis\desktop10.5\ArcToolbox\Toolboxes\Data Management Tools.tbx\CalculateField" Date="20170607" Time="153313" Name="" export="">CalculateField BERM2014 BEACH "Folly Beach" VB #</Process><Process ToolSource="c:\program files (x86)\arcgis\desktop10.5\ArcToolbox\Toolboxes\Data Management Tools.tbx\CalculateField" Date="20170607" Time="153351" Name="" export="">CalculateField BERM2014 BEACH "Fripp Island" VB #</Process><Process ToolSource="c:\program files (x86)\arcgis\desktop10.5\ArcToolbox\Toolboxes\Data Management Tools.tbx\CalculateField" Date="20170607" Time="153428" Name="" export="">CalculateField BERM2014 BEACH "Garden City" VB #</Process><Process ToolSource="c:\program files (x86)\arcgis\desktop10.5\ArcToolbox\Toolboxes\Data Management Tools.tbx\CalculateField" Date="20170607" Time="153513" Name="" export="">CalculateField BERM2014 BEACH "Harbor Island" VB #</Process><Process ToolSource="c:\program files (x86)\arcgis\desktop10.5\ArcToolbox\Toolboxes\Data Management Tools.tbx\CalculateField" Date="20170607" Time="153551" Name="" export="">CalculateField BERM2014 BEACH "Hilton Head Island" VB #</Process><Process ToolSource="c:\program files (x86)\arcgis\desktop10.5\ArcToolbox\Toolboxes\Data Management Tools.tbx\CalculateField" Date="20170607" Time="153631" Name="" export="">CalculateField BERM2014 BEACH "Hunting Island" VB #</Process><Process ToolSource="c:\program files (x86)\arcgis\desktop10.5\ArcToolbox\Toolboxes\Data Management Tools.tbx\CalculateField" Date="20170607" Time="153705" Name="" export="">CalculateField BERM2014 BEACH "Huntington Beach" VB #</Process><Process ToolSource="c:\program files (x86)\arcgis\desktop10.5\ArcToolbox\Toolboxes\Data Management Tools.tbx\CalculateField" Date="20170607" Time="153741" Name="" export="">CalculateField BERM2014 BEACH "Isle of Palms" VB #</Process><Process ToolSource="c:\program files (x86)\arcgis\desktop10.5\ArcToolbox\Toolboxes\Data Management Tools.tbx\CalculateField" Date="20170607" Time="153828" Name="" export="">CalculateField BERM2014 BEACH "Kiawah Island" VB #</Process><Process ToolSource="c:\program files (x86)\arcgis\desktop10.5\ArcToolbox\Toolboxes\Data Management Tools.tbx\CalculateField" Date="20170607" Time="153859" Name="" export="">CalculateField BERM2014 BEACH "Litchfield Beach" VB #</Process><Process ToolSource="c:\program files (x86)\arcgis\desktop10.5\ArcToolbox\Toolboxes\Data Management Tools.tbx\CalculateField" Date="20170607" Time="153934" Name="" export="">CalculateField BERM2014 BEACH [Location] VB #</Process><Process ToolSource="c:\program files (x86)\arcgis\desktop10.5\ArcToolbox\Toolboxes\Data Management Tools.tbx\CalculateField" Date="20170607" Time="154016" Name="" export="">CalculateField BERM2014 BEACH "North Myrtle Beach" VB #</Process><Process ToolSource="c:\program files (x86)\arcgis\desktop10.5\ArcToolbox\Toolboxes\Data Management Tools.tbx\CalculateField" Date="20170607" Time="154049" Name="" export="">CalculateField BERM2014 BEACH "Pawleys Island" VB #</Process><Process ToolSource="c:\program files (x86)\arcgis\desktop10.5\ArcToolbox\Toolboxes\Data Management Tools.tbx\CalculateField" Date="20170607" Time="154117" Name="" export="">CalculateField BERM2014 BEACH "Seabrook Island" VB #</Process><Process ToolSource="c:\program files (x86)\arcgis\desktop10.5\ArcToolbox\Toolboxes\Data Management Tools.tbx\CalculateField" Date="20170607" Time="154148" Name="" export="">CalculateField BERM2014 BEACH "Sullivans Island" VB #</Process><Process ToolSource="c:\program files (x86)\arcgis\desktop10.5\ArcToolbox\Toolboxes\Data Management Tools.tbx\CalculateField" Date="20170607" Time="154218" Name="" export="">CalculateField BERM2014 BEACH "Surfside Beach" VB #</Process><Process ToolSource="c:\program files (x86)\arcgis\desktop10.5\ArcToolbox\Toolboxes\Data Management Tools.tbx\CalculateField" Date="20170607" Time="154247" Name="" export="">CalculateField BERM2014 BEACH "Waties Island" VB #</Process><Process ToolSource="c:\program files (x86)\arcgis\desktop10.5\ArcToolbox\Toolboxes\Data Management Tools.tbx\CalculateField" Date="20170607" Time="154551" Name="" export="">CalculateField BERM2014 TRAN_ID [Monument] VB #</Process><Process ToolSource="c:\program files (x86)\arcgis\desktop10.5\ArcToolbox\Toolboxes\Analysis Tools.tbx\Near" Date="20170612" Time="175657" Name="" export="">Near BERM2014 Export_Output_12_Merge # NO_LOCATION NO_ANGLE PLANAR</Process><Process ToolSource="c:\program files (x86)\arcgis\desktop10.5\ArcToolbox\Toolboxes\Analysis Tools.tbx\Near" Date="20170612" Time="184717" Name="" export="">Near BERM2014 BERM_DIST_OFFSET_PTS # NO_LOCATION NO_ANGLE PLANAR</Process><Process ToolSource="c:\program files (x86)\arcgis\desktop10.5\ArcToolbox\Toolboxes\Analysis Tools.tbx\Near" Date="20170612" Time="190042" Name="" export="">Near BERM2014 BERM_DIST_OFFSET_PTS # NO_LOCATION NO_ANGLE PLANAR</Process><Process ToolSource="c:\program files (x86)\arcgis\desktop10.5\ArcToolbox\Toolboxes\Data Management Tools.tbx\CalculateField" Date="20170612" Time="192513" Name="" export="">CalculateField BERM2014 DFM [DBL] VB #</Process><Process ToolSource="c:\program files (x86)\arcgis\desktop10.5\ArcToolbox\Toolboxes\Analysis Tools.tbx\Near" Date="20170612" Time="210113" Name="" export="">Near HHI14 HHIOFFSETS # NO_LOCATION NO_ANGLE PLANAR</Process><Process ToolSource="c:\program files (x86)\arcgis\desktop10.5\ArcToolbox\Toolboxes\Analysis Tools.tbx\Near" Date="20170613" Time="114753" Name="" export="">Near 1439_14 1439_OFF # NO_LOCATION NO_ANGLE PLANAR</Process><Process ToolSource="c:\program files (x86)\arcgis\desktop10.5\ArcToolbox\Toolboxes\Data Management Tools.tbx\Merge" Date="20170613" Time="133923" Name="" export="">Merge 1439_14;1469_14;1474_14;1493_14;1790_14;1995_14;2130_14;2150_14;2160_14;2180_14;2530_14;2565_14;2630_14;2680_14;2775_14;2780_14;2785_14;2790_14;2792_14;2805_14;2860_14;2890_14;2895_14;3090_14;3092_14;3095_14;3159_14;3220_14;3250_14;3260_14;3280_14;4275_14;4999_14;5005_14;5020_14;5350_14;5530_14;5535_14;5540_14;5750_14;5775_14;5800_14;5825_14;5880_14 C:\Users\boulwajb\Documents\ArcGIS\Default.gdb\c1439_14_Merge "Easting "Easting" true true false 19 Double 0 0 ,First,#,1439_14,Easting,-1,-1,1469_14,Easting,-1,-1,1474_14,Easting,-1,-1,1493_14,Easting,-1,-1,1790_14,Easting,-1,-1,1995_14,Easting,-1,-1,2130_14,Easting,-1,-1,2150_14,Easting,-1,-1,2160_14,Easting,-1,-1,2180_14,Easting,-1,-1,2530_14,Easting,-1,-1,2565_14,Easting,-1,-1,2630_14,Easting,-1,-1,2680_14,Easting,-1,-1,2775_14,Easting,-1,-1,2780_14,Easting,-1,-1,2785_14,Easting,-1,-1,2790_14,Easting,-1,-1,2792_14,Easting,-1,-1,2805_14,Easting,-1,-1,2860_14,Easting,-1,-1,2890_14,Easting,-1,-1,2895_14,Easting,-1,-1,3090_14,Easting,-1,-1,3092_14,Easting,-1,-1,3095_14,Easting,-1,-1,3159_14,Easting,-1,-1,3220_14,Easting,-1,-1,3250_14,Easting,-1,-1,3260_14,Easting,-1,-1,3280_14,Easting,-1,-1,4275_14,Easting,-1,-1,4999_14,Easting,-1,-1,5005_14,Easting,-1,-1,5020_14,Easting,-1,-1,5350_14,Easting,-1,-1,5530_14,Easting,-1,-1,5535_14,Easting,-1,-1,5540_14,Easting,-1,-1,5750_14,Easting,-1,-1,5775_14,Easting,-1,-1,5800_14,Easting,-1,-1,5825_14,Easting,-1,-1,5880_14,Easting,-1,-1;Northing "Northing" true true false 19 Double 0 0 ,First,#,1439_14,Northing,-1,-1,1469_14,Northing,-1,-1,1474_14,Northing,-1,-1,1493_14,Northing,-1,-1,1790_14,Northing,-1,-1,1995_14,Northing,-1,-1,2130_14,Northing,-1,-1,2150_14,Northing,-1,-1,2160_14,Northing,-1,-1,2180_14,Northing,-1,-1,2530_14,Northing,-1,-1,2565_14,Northing,-1,-1,2630_14,Northing,-1,-1,2680_14,Northing,-1,-1,2775_14,Northing,-1,-1,2780_14,Northing,-1,-1,2785_14,Northing,-1,-1,2790_14,Northing,-1,-1,2792_14,Northing,-1,-1,2805_14,Northing,-1,-1,2860_14,Northing,-1,-1,2890_14,Northing,-1,-1,2895_14,Northing,-1,-1,3090_14,Northing,-1,-1,3092_14,Northing,-1,-1,3095_14,Northing,-1,-1,3159_14,Northing,-1,-1,3220_14,Northing,-1,-1,3250_14,Northing,-1,-1,3260_14,Northing,-1,-1,3280_14,Northing,-1,-1,4275_14,Northing,-1,-1,4999_14,Northing,-1,-1,5005_14,Northing,-1,-1,5020_14,Northing,-1,-1,5350_14,Northing,-1,-1,5530_14,Northing,-1,-1,5535_14,Northing,-1,-1,5540_14,Northing,-1,-1,5750_14,Northing,-1,-1,5775_14,Northing,-1,-1,5800_14,Northing,-1,-1,5825_14,Northing,-1,-1,5880_14,Northing,-1,-1;Elevation "Elevation" true true false 19 Double 0 0 ,First,#,1439_14,Elevation,-1,-1,1469_14,Elevation,-1,-1,1474_14,Elevation,-1,-1,1493_14,Elevation,-1,-1,1790_14,Elevation,-1,-1,1995_14,Elevation,-1,-1,2130_14,Elevation,-1,-1,2150_14,Elevation,-1,-1,2160_14,Elevation,-1,-1,2180_14,Elevation,-1,-1,2530_14,Elevation,-1,-1,2565_14,Elevation,-1,-1,2630_14,Elevation,-1,-1,2680_14,Elevation,-1,-1,2775_14,Elevation,-1,-1,2780_14,Elevation,-1,-1,2785_14,Elevation,-1,-1,2790_14,Elevation,-1,-1,2792_14,Elevation,-1,-1,2805_14,Elevation,-1,-1,2860_14,Elevation,-1,-1,2890_14,Elevation,-1,-1,2895_14,Elevation,-1,-1,3090_14,Elevation,-1,-1,3092_14,Elevation,-1,-1,3095_14,Elevation,-1,-1,3159_14,Elevation,-1,-1,3220_14,Elevation,-1,-1,3250_14,Elevation,-1,-1,3260_14,Elevation,-1,-1,3280_14,Elevation,-1,-1,4275_14,Elevation,-1,-1,4999_14,Elevation,-1,-1,5005_14,Elevation,-1,-1,5020_14,Elevation,-1,-1,5350_14,Elevation,-1,-1,5530_14,Elevation,-1,-1,5535_14,Elevation,-1,-1,5540_14,Elevation,-1,-1,5750_14,Elevation,-1,-1,5775_14,Elevation,-1,-1,5800_14,Elevation,-1,-1,5825_14,Elevation,-1,-1,5880_14,Elevation,-1,-1;DBL "DBL" true true false 19 Double 0 0 ,First,#,1439_14,DBL,-1,-1,1469_14,DBL,-1,-1,1474_14,DBL,-1,-1,1493_14,DBL,-1,-1,1790_14,DBL,-1,-1,1995_14,DBL,-1,-1,2130_14,DBL,-1,-1,2150_14,DBL,-1,-1,2160_14,DBL,-1,-1,2180_14,DBL,-1,-1,2530_14,DBL,-1,-1,2565_14,DBL,-1,-1,2630_14,DBL,-1,-1,2680_14,DBL,-1,-1,2775_14,DBL,-1,-1,2780_14,DBL,-1,-1,2785_14,DBL,-1,-1,2790_14,DBL,-1,-1,2792_14,DBL,-1,-1,2805_14,DBL,-1,-1,2860_14,DBL,-1,-1,2890_14,DBL,-1,-1,2895_14,DBL,-1,-1,3090_14,DBL,-1,-1,3092_14,DBL,-1,-1,3095_14,DBL,-1,-1,3159_14,DBL,-1,-1,3220_14,DBL,-1,-1,3250_14,DBL,-1,-1,3260_14,DBL,-1,-1,3280_14,DBL,-1,-1,4275_14,DBL,-1,-1,4999_14,DBL,-1,-1,5005_14,DBL,-1,-1,5020_14,DBL,-1,-1,5350_14,DBL,-1,-1,5530_14,DBL,-1,-1,5535_14,DBL,-1,-1,5540_14,DBL,-1,-1,5750_14,DBL,-1,-1,5775_14,DBL,-1,-1,5800_14,DBL,-1,-1,5825_14,DBL,-1,-1,5880_14,DBL,-1,-1;Monument "Monument" true true false 254 Text 0 0 ,First,#,1439_14,Monument,-1,-1,1469_14,Monument,-1,-1,1474_14,Monument,-1,-1,1493_14,Monument,-1,-1,1790_14,Monument,-1,-1,1995_14,Monument,-1,-1,2130_14,Monument,-1,-1,2150_14,Monument,-1,-1,2160_14,Monument,-1,-1,2180_14,Monument,-1,-1,2530_14,Monument,-1,-1,2565_14,Monument,-1,-1,2630_14,Monument,-1,-1,2680_14,Monument,-1,-1,2775_14,Monument,-1,-1,2780_14,Monument,-1,-1,2785_14,Monument,-1,-1,2790_14,Monument,-1,-1,2792_14,Monument,-1,-1,2805_14,Monument,-1,-1,2860_14,Monument,-1,-1,2890_14,Monument,-1,-1,2895_14,Monument,-1,-1,3090_14,Monument,-1,-1,3092_14,Monument,-1,-1,3095_14,Monument,-1,-1,3159_14,Monument,-1,-1,3220_14,Monument,-1,-1,3250_14,Monument,-1,-1,3260_14,Monument,-1,-1,3280_14,Monument,-1,-1,4275_14,Monument,-1,-1,4999_14,Monument,-1,-1,5005_14,Monument,-1,-1,5020_14,Monument,-1,-1,5350_14,Monument,-1,-1,5530_14,Monument,-1,-1,5535_14,Monument,-1,-1,5540_14,Monument,-1,-1,5750_14,Monument,-1,-1,5775_14,Monument,-1,-1,5800_14,Monument,-1,-1,5825_14,Monument,-1,-1,5880_14,Monument,-1,-1;Year "Year" true true false 10 Long 0 10 ,First,#,1439_14,Year,-1,-1,1469_14,Year,-1,-1,1474_14,Year,-1,-1,1493_14,Year,-1,-1,1790_14,Year,-1,-1,1995_14,Year,-1,-1,2130_14,Year,-1,-1,2150_14,Year,-1,-1,2160_14,Year,-1,-1,2180_14,Year,-1,-1,2530_14,Year,-1,-1,2565_14,Year,-1,-1,2630_14,Year,-1,-1,2680_14,Year,-1,-1,2775_14,Year,-1,-1,2780_14,Year,-1,-1,2785_14,Year,-1,-1,2790_14,Year,-1,-1,2792_14,Year,-1,-1,2805_14,Year,-1,-1,2860_14,Year,-1,-1,2890_14,Year,-1,-1,2895_14,Year,-1,-1,3090_14,Year,-1,-1,3092_14,Year,-1,-1,3095_14,Year,-1,-1,3159_14,Year,-1,-1,3220_14,Year,-1,-1,3250_14,Year,-1,-1,3260_14,Year,-1,-1,3280_14,Year,-1,-1,4275_14,Year,-1,-1,4999_14,Year,-1,-1,5005_14,Year,-1,-1,5020_14,Year,-1,-1,5350_14,Year,-1,-1,5530_14,Year,-1,-1,5535_14,Year,-1,-1,5540_14,Year,-1,-1,5750_14,Year,-1,-1,5775_14,Year,-1,-1,5800_14,Year,-1,-1,5825_14,Year,-1,-1,5880_14,Year,-1,-1;Day "Day" true true false 10 Long 0 10 ,First,#,1439_14,Day,-1,-1,1469_14,Day,-1,-1,1474_14,Day,-1,-1,1493_14,Day,-1,-1,1790_14,Day,-1,-1,1995_14,Day,-1,-1,2130_14,Day,-1,-1,2150_14,Day,-1,-1,2160_14,Day,-1,-1,2180_14,Day,-1,-1,2530_14,Day,-1,-1,2565_14,Day,-1,-1,2630_14,Day,-1,-1,2680_14,Day,-1,-1,2775_14,Day,-1,-1,2780_14,Day,-1,-1,2785_14,Day,-1,-1,2790_14,Day,-1,-1,2792_14,Day,-1,-1,2805_14,Day,-1,-1,2860_14,Day,-1,-1,2890_14,Day,-1,-1,2895_14,Day,-1,-1,3090_14,Day,-1,-1,3092_14,Day,-1,-1,3095_14,Day,-1,-1,3159_14,Day,-1,-1,3220_14,Day,-1,-1,3250_14,Day,-1,-1,3260_14,Day,-1,-1,3280_14,Day,-1,-1,4275_14,Day,-1,-1,4999_14,Day,-1,-1,5005_14,Day,-1,-1,5020_14,Day,-1,-1,5350_14,Day,-1,-1,5530_14,Day,-1,-1,5535_14,Day,-1,-1,5540_14,Day,-1,-1,5750_14,Day,-1,-1,5775_14,Day,-1,-1,5800_14,Day,-1,-1,5825_14,Day,-1,-1,5880_14,Day,-1,-1;Location "Location" true true false 254 Text 0 0 ,First,#,1439_14,Location,-1,-1,1469_14,Location,-1,-1,1474_14,Location,-1,-1,1493_14,Location,-1,-1,1790_14,Location,-1,-1,1995_14,Location,-1,-1,2130_14,Location,-1,-1,2150_14,Location,-1,-1,2160_14,Location,-1,-1,2180_14,Location,-1,-1,2530_14,Location,-1,-1,2565_14,Location,-1,-1,2630_14,Location,-1,-1,2680_14,Location,-1,-1,2775_14,Location,-1,-1,2780_14,Location,-1,-1,2785_14,Location,-1,-1,2790_14,Location,-1,-1,2792_14,Location,-1,-1,2805_14,Location,-1,-1,2860_14,Location,-1,-1,2890_14,Location,-1,-1,2895_14,Location,-1,-1,3090_14,Location,-1,-1,3092_14,Location,-1,-1,3095_14,Location,-1,-1,3159_14,Location,-1,-1,3220_14,Location,-1,-1,3250_14,Location,-1,-1,3260_14,Location,-1,-1,3280_14,Location,-1,-1,4275_14,Location,-1,-1,4999_14,Location,-1,-1,5005_14,Location,-1,-1,5020_14,Location,-1,-1,5350_14,Location,-1,-1,5530_14,Location,-1,-1,5535_14,Location,-1,-1,5540_14,Location,-1,-1,5750_14,Location,-1,-1,5775_14,Location,-1,-1,5800_14,Location,-1,-1,5825_14,Location,-1,-1,5880_14,Location,-1,-1;COL_DATE "COL_DATE" true true false 15 Text 0 0 ,First,#,1439_14,COL_DATE,-1,-1,1469_14,COL_DATE,-1,-1,1474_14,COL_DATE,-1,-1,1493_14,COL_DATE,-1,-1,1790_14,COL_DATE,-1,-1,1995_14,COL_DATE,-1,-1,2130_14,COL_DATE,-1,-1,2150_14,COL_DATE,-1,-1,2160_14,COL_DATE,-1,-1,2180_14,COL_DATE,-1,-1,2530_14,COL_DATE,-1,-1,2565_14,COL_DATE,-1,-1,2630_14,COL_DATE,-1,-1,2680_14,COL_DATE,-1,-1,2775_14,COL_DATE,-1,-1,2780_14,COL_DATE,-1,-1,2785_14,COL_DATE,-1,-1,2790_14,COL_DATE,-1,-1,2792_14,COL_DATE,-1,-1,2805_14,COL_DATE,-1,-1,2860_14,COL_DATE,-1,-1,2890_14,COL_DATE,-1,-1,2895_14,COL_DATE,-1,-1,3090_14,COL_DATE,-1,-1,3092_14,COL_DATE,-1,-1,3095_14,COL_DATE,-1,-1,3159_14,COL_DATE,-1,-1,3220_14,COL_DATE,-1,-1,3250_14,COL_DATE,-1,-1,3260_14,COL_DATE,-1,-1,3280_14,COL_DATE,-1,-1,4275_14,COL_DATE,-1,-1,4999_14,COL_DATE,-1,-1,5005_14,COL_DATE,-1,-1,5020_14,COL_DATE,-1,-1,5350_14,COL_DATE,-1,-1,5530_14,COL_DATE,-1,-1,5535_14,COL_DATE,-1,-1,5540_14,COL_DATE,-1,-1,5750_14,COL_DATE,-1,-1,5775_14,COL_DATE,-1,-1,5800_14,COL_DATE,-1,-1,5825_14,COL_DATE,-1,-1,5880_14,COL_DATE,-1,-1;BEACH "BEACH" true true false 50 Text 0 0 ,First,#,1439_14,BEACH,-1,-1,1469_14,BEACH,-1,-1,1474_14,BEACH,-1,-1,1493_14,BEACH,-1,-1,1790_14,BEACH,-1,-1,1995_14,BEACH,-1,-1,2130_14,BEACH,-1,-1,2150_14,BEACH,-1,-1,2160_14,BEACH,-1,-1,2180_14,BEACH,-1,-1,2530_14,BEACH,-1,-1,2565_14,BEACH,-1,-1,2630_14,BEACH,-1,-1,2680_14,BEACH,-1,-1,2775_14,BEACH,-1,-1,2780_14,BEACH,-1,-1,2785_14,BEACH,-1,-1,2790_14,BEACH,-1,-1,2792_14,BEACH,-1,-1,2805_14,BEACH,-1,-1,2860_14,BEACH,-1,-1,2890_14,BEACH,-1,-1,2895_14,BEACH,-1,-1,3090_14,BEACH,-1,-1,3092_14,BEACH,-1,-1,3095_14,BEACH,-1,-1,3159_14,BEACH,-1,-1,3220_14,BEACH,-1,-1,3250_14,BEACH,-1,-1,3260_14,BEACH,-1,-1,3280_14,BEACH,-1,-1,4275_14,BEACH,-1,-1,4999_14,BEACH,-1,-1,5005_14,BEACH,-1,-1,5020_14,BEACH,-1,-1,5350_14,BEACH,-1,-1,5530_14,BEACH,-1,-1,5535_14,BEACH,-1,-1,5540_14,BEACH,-1,-1,5750_14,BEACH,-1,-1,5775_14,BEACH,-1,-1,5800_14,BEACH,-1,-1,5825_14,BEACH,-1,-1,5880_14,BEACH,-1,-1;TRAN_ID "TRAN_ID" true true false 10 Text 0 0 ,First,#,1439_14,TRAN_ID,-1,-1,1469_14,TRAN_ID,-1,-1,1474_14,TRAN_ID,-1,-1,1493_14,TRAN_ID,-1,-1,1790_14,TRAN_ID,-1,-1,1995_14,TRAN_ID,-1,-1,2130_14,TRAN_ID,-1,-1,2150_14,TRAN_ID,-1,-1,2160_14,TRAN_ID,-1,-1,2180_14,TRAN_ID,-1,-1,2530_14,TRAN_ID,-1,-1,2565_14,TRAN_ID,-1,-1,2630_14,TRAN_ID,-1,-1,2680_14,TRAN_ID,-1,-1,2775_14,TRAN_ID,-1,-1,2780_14,TRAN_ID,-1,-1,2785_14,TRAN_ID,-1,-1,2790_14,TRAN_ID,-1,-1,2792_14,TRAN_ID,-1,-1,2805_14,TRAN_ID,-1,-1,2860_14,TRAN_ID,-1,-1,2890_14,TRAN_ID,-1,-1,2895_14,TRAN_ID,-1,-1,3090_14,TRAN_ID,-1,-1,3092_14,TRAN_ID,-1,-1,3095_14,TRAN_ID,-1,-1,3159_14,TRAN_ID,-1,-1,3220_14,TRAN_ID,-1,-1,3250_14,TRAN_ID,-1,-1,3260_14,TRAN_ID,-1,-1,3280_14,TRAN_ID,-1,-1,4275_14,TRAN_ID,-1,-1,4999_14,TRAN_ID,-1,-1,5005_14,TRAN_ID,-1,-1,5020_14,TRAN_ID,-1,-1,5350_14,TRAN_ID,-1,-1,5530_14,TRAN_ID,-1,-1,5535_14,TRAN_ID,-1,-1,5540_14,TRAN_ID,-1,-1,5750_14,TRAN_ID,-1,-1,5775_14,TRAN_ID,-1,-1,5800_14,TRAN_ID,-1,-1,5825_14,TRAN_ID,-1,-1,5880_14,TRAN_ID,-1,-1;DFM "DFM" true true false 19 Double 0 0 ,First,#,1439_14,DFM,-1,-1,1469_14,DFM,-1,-1,1474_14,DFM,-1,-1,1493_14,DFM,-1,-1,1790_14,DFM,-1,-1,1995_14,DFM,-1,-1,2130_14,DFM,-1,-1,2150_14,DFM,-1,-1,2160_14,DFM,-1,-1,2180_14,DFM,-1,-1,2530_14,DFM,-1,-1,2565_14,DFM,-1,-1,2630_14,DFM,-1,-1,2680_14,DFM,-1,-1,2775_14,DFM,-1,-1,2780_14,DFM,-1,-1,2785_14,DFM,-1,-1,2790_14,DFM,-1,-1,2792_14,DFM,-1,-1,2805_14,DFM,-1,-1,2860_14,DFM,-1,-1,2890_14,DFM,-1,-1,2895_14,DFM,-1,-1,3090_14,DFM,-1,-1,3092_14,DFM,-1,-1,3095_14,DFM,-1,-1,3159_14,DFM,-1,-1,3220_14,DFM,-1,-1,3250_14,DFM,-1,-1,3260_14,DFM,-1,-1,3280_14,DFM,-1,-1,4275_14,DFM,-1,-1,4999_14,DFM,-1,-1,5005_14,DFM,-1,-1,5020_14,DFM,-1,-1,5350_14,DFM,-1,-1,5530_14,DFM,-1,-1,5535_14,DFM,-1,-1,5540_14,DFM,-1,-1,5750_14,DFM,-1,-1,5775_14,DFM,-1,-1,5800_14,DFM,-1,-1,5825_14,DFM,-1,-1,5880_14,DFM,-1,-1;NEAR_FID "NEAR_FID" true true false 10 Long 0 10 ,First,#,1439_14,NEAR_FID,-1,-1,1469_14,NEAR_FID,-1,-1,1474_14,NEAR_FID,-1,-1,1493_14,NEAR_FID,-1,-1,1790_14,NEAR_FID,-1,-1,1995_14,NEAR_FID,-1,-1,2130_14,NEAR_FID,-1,-1,2150_14,NEAR_FID,-1,-1,2160_14,NEAR_FID,-1,-1,2180_14,NEAR_FID,-1,-1,2530_14,NEAR_FID,-1,-1,2565_14,NEAR_FID,-1,-1,2630_14,NEAR_FID,-1,-1,2680_14,NEAR_FID,-1,-1,2775_14,NEAR_FID,-1,-1,2780_14,NEAR_FID,-1,-1,2785_14,NEAR_FID,-1,-1,2790_14,NEAR_FID,-1,-1,2792_14,NEAR_FID,-1,-1,2805_14,NEAR_FID,-1,-1,2860_14,NEAR_FID,-1,-1,2890_14,NEAR_FID,-1,-1,2895_14,NEAR_FID,-1,-1,3090_14,NEAR_FID,-1,-1,3092_14,NEAR_FID,-1,-1,3095_14,NEAR_FID,-1,-1,3159_14,NEAR_FID,-1,-1,3220_14,NEAR_FID,-1,-1,3250_14,NEAR_FID,-1,-1,3260_14,NEAR_FID,-1,-1,3280_14,NEAR_FID,-1,-1,4275_14,NEAR_FID,-1,-1,4999_14,NEAR_FID,-1,-1,5005_14,NEAR_FID,-1,-1,5020_14,NEAR_FID,-1,-1,5350_14,NEAR_FID,-1,-1,5530_14,NEAR_FID,-1,-1,5535_14,NEAR_FID,-1,-1,5540_14,NEAR_FID,-1,-1,5750_14,NEAR_FID,-1,-1,5775_14,NEAR_FID,-1,-1,5800_14,NEAR_FID,-1,-1,5825_14,NEAR_FID,-1,-1,5880_14,NEAR_FID,-1,-1;NEAR_DIST "NEAR_DIST" true true false 19 Double 0 0 ,First,#,1439_14,NEAR_DIST,-1,-1,1469_14,NEAR_DIST,-1,-1,1474_14,NEAR_DIST,-1,-1,1493_14,NEAR_DIST,-1,-1,1790_14,NEAR_DIST,-1,-1,1995_14,NEAR_DIST,-1,-1,2130_14,NEAR_DIST,-1,-1,2150_14,NEAR_DIST,-1,-1,2160_14,NEAR_DIST,-1,-1,2180_14,NEAR_DIST,-1,-1,2530_14,NEAR_DIST,-1,-1,2565_14,NEAR_DIST,-1,-1,2630_14,NEAR_DIST,-1,-1,2680_14,NEAR_DIST,-1,-1,2775_14,NEAR_DIST,-1,-1,2780_14,NEAR_DIST,-1,-1,2785_14,NEAR_DIST,-1,-1,2790_14,NEAR_DIST,-1,-1,2792_14,NEAR_DIST,-1,-1,2805_14,NEAR_DIST,-1,-1,2860_14,NEAR_DIST,-1,-1,2890_14,NEAR_DIST,-1,-1,2895_14,NEAR_DIST,-1,-1,3090_14,NEAR_DIST,-1,-1,3092_14,NEAR_DIST,-1,-1,3095_14,NEAR_DIST,-1,-1,3159_14,NEAR_DIST,-1,-1,3220_14,NEAR_DIST,-1,-1,3250_14,NEAR_DIST,-1,-1,3260_14,NEAR_DIST,-1,-1,3280_14,NEAR_DIST,-1,-1,4275_14,NEAR_DIST,-1,-1,4999_14,NEAR_DIST,-1,-1,5005_14,NEAR_DIST,-1,-1,5020_14,NEAR_DIST,-1,-1,5350_14,NEAR_DIST,-1,-1,5530_14,NEAR_DIST,-1,-1,5535_14,NEAR_DIST,-1,-1,5540_14,NEAR_DIST,-1,-1,5750_14,NEAR_DIST,-1,-1,5775_14,NEAR_DIST,-1,-1,5800_14,NEAR_DIST,-1,-1,5825_14,NEAR_DIST,-1,-1,5880_14,NEAR_DIST,-1,-1"</Process><Process ToolSource="c:\program files (x86)\arcgis\desktop10.5\ArcToolbox\Toolboxes\Data Management Tools.tbx\CalculateField" Date="20170613" Time="133958" Name="" export="">CalculateField c1439_14_Merge NEAR_FID 99 VB #</Process><Process ToolSource="c:\program files (x86)\arcgis\desktop10.5\ArcToolbox\Toolboxes\Data Management Tools.tbx\CalculateField" Date="20170613" Time="171655" Name="" export="">CalculateField COR_2014 NEAR_FID 99 VB #</Process><Process ToolSource="c:\program files (x86)\arcgis\desktop10.5\ArcToolbox\Toolboxes\Data Management Tools.tbx\Merge" Date="20170613" Time="174318" Name="" export="">Merge COR_2014;AS14;DAU14;DEB14;DEW14;ED14;FB14;FRI14;GC14;HAR14;HHI14;HUNTB14;HUNTI14;IOP14;KI14;LB14;MB14;NMB14;PI14;SEA14;SUL14;SURF14;WAT14 C:\Users\boulwajb\Documents\ArcGIS\Default.gdb\COR_2014_Merge "OBJECTID "OBJECTID" true true false 10 Long 0 10 ,First,#,COR_2014,OBJECTID,-1,-1;Easting "Easting" true true false 19 Double 0 0 ,First,#,COR_2014,Easting,-1,-1,AS14,Easting,-1,-1,DAU14,Easting,-1,-1,DEB14,Easting,-1,-1,DEW14,Easting,-1,-1,ED14,Easting,-1,-1,FB14,Easting,-1,-1,FRI14,Easting,-1,-1,GC14,Easting,-1,-1,HAR14,Easting,-1,-1,HHI14,Easting,-1,-1,HUNTB14,Easting,-1,-1,HUNTI14,Easting,-1,-1,IOP14,Easting,-1,-1,KI14,Easting,-1,-1,LB14,Easting,-1,-1,MB14,Easting,-1,-1,NMB14,Easting,-1,-1,PI14,Easting,-1,-1,SEA14,Easting,-1,-1,SUL14,Easting,-1,-1,SURF14,Easting,-1,-1,WAT14,Easting,-1,-1;Northing "Northing" true true false 19 Double 0 0 ,First,#,COR_2014,Northing,-1,-1,AS14,Northing,-1,-1,DAU14,Northing,-1,-1,DEB14,Northing,-1,-1,DEW14,Northing,-1,-1,ED14,Northing,-1,-1,FB14,Northing,-1,-1,FRI14,Northing,-1,-1,GC14,Northing,-1,-1,HAR14,Northing,-1,-1,HHI14,Northing,-1,-1,HUNTB14,Northing,-1,-1,HUNTI14,Northing,-1,-1,IOP14,Northing,-1,-1,KI14,Northing,-1,-1,LB14,Northing,-1,-1,MB14,Northing,-1,-1,NMB14,Northing,-1,-1,PI14,Northing,-1,-1,SEA14,Northing,-1,-1,SUL14,Northing,-1,-1,SURF14,Northing,-1,-1,WAT14,Northing,-1,-1;Elevation "Elevation" true true false 19 Double 0 0 ,First,#,COR_2014,Elevation,-1,-1,AS14,Elevation,-1,-1,DAU14,Elevation,-1,-1,DEB14,Elevation,-1,-1,DEW14,Elevation,-1,-1,ED14,Elevation,-1,-1,FB14,Elevation,-1,-1,FRI14,Elevation,-1,-1,GC14,Elevation,-1,-1,HAR14,Elevation,-1,-1,HHI14,Elevation,-1,-1,HUNTB14,Elevation,-1,-1,HUNTI14,Elevation,-1,-1,IOP14,Elevation,-1,-1,KI14,Elevation,-1,-1,LB14,Elevation,-1,-1,MB14,Elevation,-1,-1,NMB14,Elevation,-1,-1,PI14,Elevation,-1,-1,SEA14,Elevation,-1,-1,SUL14,Elevation,-1,-1,SURF14,Elevation,-1,-1,WAT14,Elevation,-1,-1;DBL "DBL" true true false 19 Double 0 0 ,First,#,COR_2014,DBL,-1,-1,AS14,DBL,-1,-1,DAU14,DBL,-1,-1,DEB14,DBL,-1,-1,DEW14,DBL,-1,-1,ED14,DBL,-1,-1,FB14,DBL,-1,-1,FRI14,DBL,-1,-1,GC14,DBL,-1,-1,HAR14,DBL,-1,-1,HHI14,DBL,-1,-1,HUNTB14,DBL,-1,-1,HUNTI14,DBL,-1,-1,IOP14,DBL,-1,-1,KI14,DBL,-1,-1,LB14,DBL,-1,-1,MB14,DBL,-1,-1,NMB14,DBL,-1,-1,PI14,DBL,-1,-1,SEA14,DBL,-1,-1,SUL14,DBL,-1,-1,SURF14,DBL,-1,-1,WAT14,DBL,-1,-1;Monument "Monument" true true false 254 Text 0 0 ,First,#,COR_2014,Monument,-1,-1,AS14,Monument,-1,-1,DAU14,Monument,-1,-1,DEB14,Monument,-1,-1,DEW14,Monument,-1,-1,ED14,Monument,-1,-1,FB14,Monument,-1,-1,FRI14,Monument,-1,-1,GC14,Monument,-1,-1,HAR14,Monument,-1,-1,HHI14,Monument,-1,-1,HUNTB14,Monument,-1,-1,HUNTI14,Monument,-1,-1,IOP14,Monument,-1,-1,KI14,Monument,-1,-1,LB14,Monument,-1,-1,MB14,Monument,-1,-1,NMB14,Monument,-1,-1,PI14,Monument,-1,-1,SEA14,Monument,-1,-1,SUL14,Monument,-1,-1,SURF14,Monument,-1,-1,WAT14,Monument,-1,-1;Year "Year" true true false 10 Long 0 10 ,First,#,COR_2014,Year,-1,-1,AS14,Year,-1,-1,DAU14,Year,-1,-1,DEB14,Year,-1,-1,DEW14,Year,-1,-1,ED14,Year,-1,-1,FB14,Year,-1,-1,FRI14,Year,-1,-1,GC14,Year,-1,-1,HAR14,Year,-1,-1,HHI14,Year,-1,-1,HUNTB14,Year,-1,-1,HUNTI14,Year,-1,-1,IOP14,Year,-1,-1,KI14,Year,-1,-1,LB14,Year,-1,-1,MB14,Year,-1,-1,NMB14,Year,-1,-1,PI14,Year,-1,-1,SEA14,Year,-1,-1,SUL14,Year,-1,-1,SURF14,Year,-1,-1,WAT14,Year,-1,-1;Day "Day" true true false 10 Long 0 10 ,First,#,COR_2014,Day,-1,-1,AS14,Day,-1,-1,DAU14,Day,-1,-1,DEB14,Day,-1,-1,DEW14,Day,-1,-1,ED14,Day,-1,-1,FB14,Day,-1,-1,FRI14,Day,-1,-1,GC14,Day,-1,-1,HAR14,Day,-1,-1,HHI14,Day,-1,-1,HUNTB14,Day,-1,-1,HUNTI14,Day,-1,-1,IOP14,Day,-1,-1,KI14,Day,-1,-1,LB14,Day,-1,-1,MB14,Day,-1,-1,NMB14,Day,-1,-1,PI14,Day,-1,-1,SEA14,Day,-1,-1,SUL14,Day,-1,-1,SURF14,Day,-1,-1,WAT14,Day,-1,-1;Location "Location" true true false 254 Text 0 0 ,First,#,COR_2014,Location,-1,-1,AS14,Location,-1,-1,DAU14,Location,-1,-1,DEB14,Location,-1,-1,DEW14,Location,-1,-1,ED14,Location,-1,-1,FB14,Location,-1,-1,FRI14,Location,-1,-1,GC14,Location,-1,-1,HAR14,Location,-1,-1,HHI14,Location,-1,-1,HUNTB14,Location,-1,-1,HUNTI14,Location,-1,-1,IOP14,Location,-1,-1,KI14,Location,-1,-1,LB14,Location,-1,-1,MB14,Location,-1,-1,NMB14,Location,-1,-1,PI14,Location,-1,-1,SEA14,Location,-1,-1,SUL14,Location,-1,-1,SURF14,Location,-1,-1,WAT14,Location,-1,-1;COL_DATE "COL_DATE" true true false 15 Text 0 0 ,First,#,COR_2014,COL_DATE,-1,-1,AS14,COL_DATE,-1,-1,DAU14,COL_DATE,-1,-1,DEB14,COL_DATE,-1,-1,DEW14,COL_DATE,-1,-1,ED14,COL_DATE,-1,-1,FB14,COL_DATE,-1,-1,FRI14,COL_DATE,-1,-1,GC14,COL_DATE,-1,-1,HAR14,COL_DATE,-1,-1,HHI14,COL_DATE,-1,-1,HUNTB14,COL_DATE,-1,-1,HUNTI14,COL_DATE,-1,-1,IOP14,COL_DATE,-1,-1,KI14,COL_DATE,-1,-1,LB14,COL_DATE,-1,-1,MB14,COL_DATE,-1,-1,NMB14,COL_DATE,-1,-1,PI14,COL_DATE,-1,-1,SEA14,COL_DATE,-1,-1,SUL14,COL_DATE,-1,-1,SURF14,COL_DATE,-1,-1,WAT14,COL_DATE,-1,-1;BEACH "BEACH" true true false 50 Text 0 0 ,First,#,COR_2014,BEACH,-1,-1,AS14,BEACH,-1,-1,DAU14,BEACH,-1,-1,DEB14,BEACH,-1,-1,DEW14,BEACH,-1,-1,ED14,BEACH,-1,-1,FB14,BEACH,-1,-1,FRI14,BEACH,-1,-1,GC14,BEACH,-1,-1,HAR14,BEACH,-1,-1,HHI14,BEACH,-1,-1,HUNTB14,BEACH,-1,-1,HUNTI14,BEACH,-1,-1,IOP14,BEACH,-1,-1,KI14,BEACH,-1,-1,LB14,BEACH,-1,-1,MB14,BEACH,-1,-1,NMB14,BEACH,-1,-1,PI14,BEACH,-1,-1,SEA14,BEACH,-1,-1,SUL14,BEACH,-1,-1,SURF14,BEACH,-1,-1,WAT14,BEACH,-1,-1;TRAN_ID "TRAN_ID" true true false 10 Text 0 0 ,First,#,COR_2014,TRAN_ID,-1,-1,AS14,TRAN_ID,-1,-1,DAU14,TRAN_ID,-1,-1,DEB14,TRAN_ID,-1,-1,DEW14,TRAN_ID,-1,-1,ED14,TRAN_ID,-1,-1,FB14,TRAN_ID,-1,-1,FRI14,TRAN_ID,-1,-1,GC14,TRAN_ID,-1,-1,HAR14,TRAN_ID,-1,-1,HHI14,TRAN_ID,-1,-1,HUNTB14,TRAN_ID,-1,-1,HUNTI14,TRAN_ID,-1,-1,IOP14,TRAN_ID,-1,-1,KI14,TRAN_ID,-1,-1,LB14,TRAN_ID,-1,-1,MB14,TRAN_ID,-1,-1,NMB14,TRAN_ID,-1,-1,PI14,TRAN_ID,-1,-1,SEA14,TRAN_ID,-1,-1,SUL14,TRAN_ID,-1,-1,SURF14,TRAN_ID,-1,-1,WAT14,TRAN_ID,-1,-1;DFM "DFM" true true false 19 Double 0 0 ,First,#,COR_2014,DFM,-1,-1,AS14,DFM,-1,-1,DAU14,DFM,-1,-1,DEB14,DFM,-1,-1,DEW14,DFM,-1,-1,ED14,DFM,-1,-1,FB14,DFM,-1,-1,FRI14,DFM,-1,-1,GC14,DFM,-1,-1,HAR14,DFM,-1,-1,HHI14,DFM,-1,-1,HUNTB14,DFM,-1,-1,HUNTI14,DFM,-1,-1,IOP14,DFM,-1,-1,KI14,DFM,-1,-1,LB14,DFM,-1,-1,MB14,DFM,-1,-1,NMB14,DFM,-1,-1,PI14,DFM,-1,-1,SEA14,DFM,-1,-1,SUL14,DFM,-1,-1,SURF14,DFM,-1,-1,WAT14,DFM,-1,-1;NEAR_FID "NEAR_FID" true true false 10 Long 0 10 ,First,#,COR_2014,NEAR_FID,-1,-1,AS14,NEAR_FID,-1,-1,DAU14,NEAR_FID,-1,-1,DEB14,NEAR_FID,-1,-1,DEW14,NEAR_FID,-1,-1,ED14,NEAR_FID,-1,-1,FB14,NEAR_FID,-1,-1,FRI14,NEAR_FID,-1,-1,GC14,NEAR_FID,-1,-1,HAR14,NEAR_FID,-1,-1,HHI14,NEAR_FID,-1,-1,HUNTB14,NEAR_FID,-1,-1,HUNTI14,NEAR_FID,-1,-1,IOP14,NEAR_FID,-1,-1,KI14,NEAR_FID,-1,-1,LB14,NEAR_FID,-1,-1,MB14,NEAR_FID,-1,-1,NMB14,NEAR_FID,-1,-1,PI14,NEAR_FID,-1,-1,SEA14,NEAR_FID,-1,-1,SUL14,NEAR_FID,-1,-1,SURF14,NEAR_FID,-1,-1,WAT14,NEAR_FID,-1,-1;NEAR_DIST "NEAR_DIST" true true false 19 Double 0 0 ,First,#,COR_2014,NEAR_DIST,-1,-1,AS14,NEAR_DIST,-1,-1,DAU14,NEAR_DIST,-1,-1,DEB14,NEAR_DIST,-1,-1,DEW14,NEAR_DIST,-1,-1,ED14,NEAR_DIST,-1,-1,FB14,NEAR_DIST,-1,-1,FRI14,NEAR_DIST,-1,-1,GC14,NEAR_DIST,-1,-1,HAR14,NEAR_DIST,-1,-1,HHI14,NEAR_DIST,-1,-1,HUNTB14,NEAR_DIST,-1,-1,HUNTI14,NEAR_DIST,-1,-1,IOP14,NEAR_DIST,-1,-1,KI14,NEAR_DIST,-1,-1,LB14,NEAR_DIST,-1,-1,MB14,NEAR_DIST,-1,-1,NMB14,NEAR_DIST,-1,-1,PI14,NEAR_DIST,-1,-1,SEA14,NEAR_DIST,-1,-1,SUL14,NEAR_DIST,-1,-1,SURF14,NEAR_DIST,-1,-1,WAT14,NEAR_DIST,-1,-1"</Process><Process ToolSource="c:\program files (x86)\arcgis\desktop10.5\ArcToolbox\Toolboxes\Data Management Tools.tbx\CalculateField" Date="20170613" Time="183229" Name="" export="">CalculateField 2014 DFCP [NEAR_DIST] VB #</Process><Process ToolSource="c:\program files (x86)\arcgis\desktop10.5\ArcToolbox\Toolboxes\Data Management Tools.tbx\AddXY" Date="20170613" Time="184913" Name="" export="">AddXY 2014</Process><Process ToolSource="c:\program files (x86)\arcgis\desktop10.5\ArcToolbox\Toolboxes\Data Management Tools.tbx\CalculateField" Date="20170613" Time="203751" Name="" export="">CalculateField BERM2014_PTS STATIC_ID "[FID] + 1" VB #</Process><Process ToolSource="c:\program files (x86)\arcgis\desktop10.5\ArcToolbox\Toolboxes\Data Management Tools.tbx\CalculateField" Date="20170614" Time="211106">CalculateField BERM2014_PTS STATIC_ID "[OBJECTID] + 1" VB #</Process></lineage><itemProps><itemName Sync="TRUE">BERM2014_PTS</itemName><imsContentType Sync="TRUE">002</imsContentType><itemLocation><linkage Sync="TRUE">file://\\IT2046-BOULWAJB\C$\BERM16.gdb</linkage><protocol Sync="TRUE">Local Area Network</protocol></itemLocation><nativeExtBox><westBL Sync="TRUE">2041650.618110</westBL><eastBL Sync="TRUE">2743243.669948</eastBL><southBL Sync="TRUE">92672.319882</southBL><northBL Sync="TRUE">742235.182087</northBL><exTypeCode Sync="TRUE">1</exTypeCode></nativeExtBox></itemProps><coordRef><type Sync="TRUE">Projected</type><geogcsn Sync="TRUE">GCS_NAD_1983_2011</geogcsn><csUnits Sync="TRUE">Linear Unit: Foot (0.304800)</csUnits><projcsn Sync="TRUE">NAD_1983_2011_StatePlane_South_Carolina_FIPS_3900_Ft_Intl</projcsn><peXml Sync="TRUE">&lt;ProjectedCoordinateSystem xsi:type='typens:ProjectedCoordinateSystem' xmlns:xsi='http://www.w3.org/2001/XMLSchema-instance' xmlns:xs='http://www.w3.org/2001/XMLSchema' xmlns:typens='http://www.esri.com/schemas/ArcGIS/10.5'&gt;&lt;WKT&gt;PROJCS[&amp;quot;NAD_1983_2011_StatePlane_South_Carolina_FIPS_3900_Ft_Intl&amp;quot;,GEOGCS[&amp;quot;GCS_NAD_1983_2011&amp;quot;,DATUM[&amp;quot;D_NAD_1983_2011&amp;quot;,SPHEROID[&amp;quot;GRS_1980&amp;quot;,6378137.0,298.257222101]],PRIMEM[&amp;quot;Greenwich&amp;quot;,0.0],UNIT[&amp;quot;Degree&amp;quot;,0.0174532925199433]],PROJECTION[&amp;quot;Lambert_Conformal_Conic&amp;quot;],PARAMETER[&amp;quot;False_Easting&amp;quot;,2000000.0],PARAMETER[&amp;quot;False_Northing&amp;quot;,0.0],PARAMETER[&amp;quot;Central_Meridian&amp;quot;,-81.0],PARAMETER[&amp;quot;Standard_Parallel_1&amp;quot;,32.5],PARAMETER[&amp;quot;Standard_Parallel_2&amp;quot;,34.83333333333334],PARAMETER[&amp;quot;Latitude_Of_Origin&amp;quot;,31.83333333333333],UNIT[&amp;quot;Foot&amp;quot;,0.3048],AUTHORITY[&amp;quot;EPSG&amp;quot;,6570]]&lt;/WKT&gt;&lt;XOrigin&gt;-122907600&lt;/XOrigin&gt;&lt;YOrigin&gt;-92800700&lt;/YOrigin&gt;&lt;XYScale&gt;3048&lt;/XYScale&gt;&lt;ZOrigin&gt;-100000&lt;/ZOrigin&gt;&lt;ZScale&gt;10000&lt;/ZScale&gt;&lt;MOrigin&gt;-100000&lt;/MOrigin&gt;&lt;MScale&gt;10000&lt;/MScale&gt;&lt;XYTolerance&gt;0.0032808398950131233&lt;/XYTolerance&gt;&lt;ZTolerance&gt;0.001&lt;/ZTolerance&gt;&lt;MTolerance&gt;0.001&lt;/MTolerance&gt;&lt;HighPrecision&gt;true&lt;/HighPrecision&gt;&lt;WKID&gt;103146&lt;/WKID&gt;&lt;LatestWKID&gt;6570&lt;/LatestWKID&gt;&lt;/ProjectedCoordinateSystem&gt;</peXml></coordRef></DataProperties><SyncDate>20170613</SyncDate><SyncTime>22463800</SyncTime><ModDate>20170613</ModDate><ModTime>22475800</ModTime><ArcGISstyle>FGDC CSDGM Metadata</ArcGISstyle><scaleRange><minScale>150000000</minScale><maxScale>5000</maxScale></scaleRange><ArcGISProfile>FGDC</ArcGISProfile></Esri><dataIdInfo><envirDesc Sync="TRUE">Microsoft Windows 7 Version 6.1 (Build 7601) Service Pack 1; Esri ArcGIS 10.5.0.6491</envirDesc><dataLang><languageCode value="eng" Sync="TRUE"/><countryCode value="USA" Sync="TRUE"/></dataLang><idCitation xmlns=""><resTitle Sync="TRUE">BERM2014_PTS</resTitle><presForm xmlns=""><PresFormCd value="005" Sync="TRUE"/></presForm></idCitation><spatRpType><SpatRepTypCd value="001" Sync="TRUE"/></spatRpType><dataExt><geoEle xmlns=""><GeoBndBox esriExtentType="search"><exTypeCode Sync="TRUE">1</exTypeCode><westBL Sync="TRUE">-80.865545</westBL><eastBL Sync="TRUE">-78.551453</eastBL><northBL Sync="TRUE">33.873307</northBL><southBL Sync="TRUE">32.064301</southBL></GeoBndBox></geoEle></dataExt><idPurp>Topographic and bathymetric survey data of South Carolina beaches. Collected in portions of 2013 and 2014, but generally designated as the "2014" version.
</idPurp><idAbs>&lt;DIV STYLE="text-align:Left;"&gt;&lt;DIV&gt;&lt;DIV&gt;&lt;P&gt;&lt;SPAN&gt;2014&lt;/SPAN&gt;&lt;/P&gt;&lt;P&gt;&lt;SPAN&gt;DatasetTopographic and bathymetric survey data collected along transects originating or proximate to 397 beach survey monuments. The resulting data "points" are used to generate beach profiles (cross-sections) for purposes of monitoring erosion/accretion along the coast of South Carolina. The following beaches were surveyed:&lt;/SPAN&gt;&lt;/P&gt;&lt;P&gt;&lt;SPAN&gt;ARCADIAN SHORES, DAUFUSKIE ISLAND, DEBIDUE BEACH, DEWEES ISLAND, EDISTO BEACH, FOLLY BEACH, FRIPP ISLAND, GARDEN CITY, HARBOR ISLAND, HILTON HEAD ISLAND, HUNTING ISLAND, HUNTINGTON BEACH, ISLE OF PALMS, KIAWAH ISLAND, LITCHFIELD BEACH, MYRTLE BEACH, NORTH MYRTLE BEACH, PAWLEYS ISLAND, SEABROOK ISLAND, SULLIVANS ISLAND, SURFSIDE BEACH &amp;amp; WATIES ISLAND&lt;/SPAN&gt;&lt;/P&gt;&lt;P&gt;&lt;SPAN /&gt;&lt;/P&gt;&lt;/DIV&gt;&lt;/DIV&gt;&lt;/DIV&gt;</idAbs><idCredit>SCDHEC-OCRM</idCredit><searchKeys><keyword>SC Beach Erosion</keyword></searchKeys><dataChar><CharSetCd value="004"/></dataChar><suppInfo>Topographic survey data collection was performed at or very near low tide. Bathymetric survey data collection was performed at or near high tide to ensure sufficient overlap for each profile.
</suppInfo><idStatus><ProgCd value="001"/></idStatus><idPoC xmlns=""><rpIndName>Jessica Boynton</rpIndName><rpOrgName>SCDHEC-OCRM</rpOrgName><rpPosName>Shoreline Specialist</rpPosName><role><RoleCd value="007"/></role></idPoC><resMaint xmlns=""><maintFreq><MaintFreqCd value="011"/></maintFreq></resMaint></dataIdInfo><mdLang><languageCode value="eng" Sync="TRUE"/><countryCode value="USA" Sync="TRUE"/></mdLang><distInfo xmlns=""><distFormat xmlns=""><formatName Sync="TRUE">File Geodatabase Feature Class</formatName></distFormat></distInfo><mdHrLv><ScopeCd value="005" Sync="TRUE"/></mdHrLv><mdHrLvName Sync="TRUE">dataset</mdHrLvName><refSysInfo><RefSystem><refSysID><identCode code="6570" Sync="TRUE"/><idCodeSpace Sync="TRUE">EPSG</idCodeSpace><idVersion Sync="TRUE">8.2.10(10.3.1)</idVersion></refSysID></RefSystem></refSysInfo><spatRepInfo><VectSpatRep><geometObjs Name="BERM2014_PTS"><geoObjTyp><GeoObjTypCd value="004" Sync="TRUE"/></geoObjTyp><geoObjCnt Sync="TRUE">1469890</geoObjCnt></geometObjs><topLvl><TopoLevCd value="001" Sync="TRUE"/></topLvl></VectSpatRep></spatRepInfo><spdoinfo><ptvctinf><esriterm Name="BERM2014_PTS"><efeatyp Sync="TRUE">Simple</efeatyp><efeageom code="1" Sync="TRUE"/><esritopo Sync="TRUE">FALSE</esritopo><efeacnt Sync="TRUE">1469890</efeacnt><spindex Sync="TRUE">TRUE</spindex><linrefer Sync="TRUE">FALSE</linrefer></esriterm></ptvctinf></spdoinfo><eainfo><detailed Name="BERM2014_PTS" xmlns=""><enttyp><enttypl Sync="TRUE">BERM2014_PTS</enttypl><enttypt Sync="TRUE">Feature Class</enttypt><enttypc Sync="TRUE">1469890</enttypc></enttyp><attr xmlns=""><attrlabl Sync="TRUE">Shape</attrlabl><attalias Sync="TRUE">Shape</attalias><attrtype Sync="TRUE">Geometry</attrtype><attwidth Sync="TRUE">0</attwidth><atprecis Sync="TRUE">0</atprecis><attscale Sync="TRUE">0</attscale><attrdef Sync="TRUE">Feature geometry.</attrdef><attrdefs Sync="TRUE">Esri</attrdefs><attrdomv><udom Sync="TRUE">Coordinates defining the features.</udom></attrdomv></attr><attr xmlns=""><attrlabl Sync="TRUE">OBJECTID</attrlabl><attalias Sync="TRUE">FID</attalias><attrtype Sync="TRUE">OID</attrtype><attwidth Sync="TRUE">4</attwidth><atprecis Sync="TRUE">0</atprecis><attscale Sync="TRUE">0</attscale><attrdef Sync="TRUE">Internal feature number.</attrdef><attrdefs Sync="TRUE">Esri</attrdefs><attrdomv><udom Sync="TRUE">Sequential unique whole numbers that are automatically generated.</udom></attrdomv></attr><attr xmlns=""><attrlabl Sync="TRUE">Easting</attrlabl><attalias Sync="TRUE">Easting</attalias><attrtype Sync="TRUE">Double</attrtype><attwidth Sync="TRUE">8</attwidth><atprecis Sync="TRUE">0</atprecis><attscale Sync="TRUE">0</attscale><attrdef>State Plane X at collection point</attrdef></attr><attr xmlns=""><attrlabl Sync="TRUE">Northing</attrlabl><attalias Sync="TRUE">Northing</attalias><attrtype Sync="TRUE">Double</attrtype><attwidth Sync="TRUE">8</attwidth><atprecis Sync="TRUE">0</atprecis><attscale Sync="TRUE">0</attscale><attrdef>State Plane Y at collection point</attrdef></attr><attr xmlns=""><attrlabl Sync="TRUE">Elevation</attrlabl><attalias Sync="TRUE">Elevation</attalias><attrtype Sync="TRUE">Double</attrtype><attwidth Sync="TRUE">8</attwidth><atprecis Sync="TRUE">0</atprecis><attscale Sync="TRUE">0</attscale><attrdef>Elevation at collection point</attrdef></attr><attr xmlns=""><attrlabl Sync="TRUE">Monument</attrlabl><attalias Sync="TRUE">Monument</attalias><attrtype Sync="TRUE">String</attrtype><attwidth Sync="TRUE">254</attwidth><atprecis Sync="TRUE">0</atprecis><attscale Sync="TRUE">0</attscale><attrdef>Beachfront Geodetic Monument associated with collection transect</attrdef></attr><attr xmlns=""><attrlabl Sync="TRUE">Year</attrlabl><attalias Sync="TRUE">Year</attalias><attrtype Sync="TRUE">Integer</attrtype><attwidth Sync="TRUE">4</attwidth><atprecis Sync="TRUE">0</atprecis><attscale Sync="TRUE">0</attscale><attrdef>Year of collection</attrdef></attr><attr xmlns=""><attrlabl Sync="TRUE">Day</attrlabl><attalias Sync="TRUE">Day</attalias><attrtype Sync="TRUE">Integer</attrtype><attwidth Sync="TRUE">4</attwidth><atprecis Sync="TRUE">0</atprecis><attscale Sync="TRUE">0</attscale><attrdef>Day of collection</attrdef></attr><attr xmlns=""><attrlabl Sync="TRUE">Location</attrlabl><attalias Sync="TRUE">Location</attalias><attrtype Sync="TRUE">String</attrtype><attwidth Sync="TRUE">254</attwidth><atprecis Sync="TRUE">0</atprecis><attscale Sync="TRUE">0</attscale><attrdef>Beach area identified by collector</attrdef></attr><attr xmlns=""><attrlabl Sync="TRUE">COL_DATE</attrlabl><attalias Sync="TRUE">COL_DATE</attalias><attrtype Sync="TRUE">String</attrtype><attwidth Sync="TRUE">15</attwidth><atprecis Sync="TRUE">0</atprecis><attscale Sync="TRUE">0</attscale><attrdef>Collection date</attrdef></attr><attr xmlns=""><attrlabl Sync="TRUE">BEACH</attrlabl><attalias Sync="TRUE">BEACH</attalias><attrtype Sync="TRUE">String</attrtype><attwidth Sync="TRUE">50</attwidth><atprecis Sync="TRUE">0</atprecis><attscale Sync="TRUE">0</attscale><attrdef>Beach area name as determined by OCRM</attrdef></attr><attr xmlns=""><attrlabl Sync="TRUE">TRAN_ID</attrlabl><attalias Sync="TRUE">TRAN_ID</attalias><attrtype Sync="TRUE">String</attrtype><attwidth Sync="TRUE">10</attwidth><atprecis Sync="TRUE">0</atprecis><attscale Sync="TRUE">0</attscale><attrdef>Transect ID - simplified version represent the historic monument number</attrdef></attr><attr xmlns=""><attrlabl Sync="TRUE">DFM</attrlabl><attalias Sync="TRUE">DFM</attalias><attrtype Sync="TRUE">Double</attrtype><attwidth Sync="TRUE">8</attwidth><atprecis Sync="TRUE">0</atprecis><attscale Sync="TRUE">0</attscale><attrdef>Distance from monument of collection point</attrdef></attr><attr xmlns=""><attrlabl Sync="TRUE">DFCP</attrlabl><attalias Sync="TRUE">DFCP</attalias><attrtype Sync="TRUE">Double</attrtype><attwidth Sync="TRUE">8</attwidth><atprecis Sync="TRUE">0</atprecis><attscale Sync="TRUE">0</attscale><attrdef>Distance from comparison point of collection point</attrdef></attr><attr xmlns=""><attrlabl Sync="TRUE">POINT_X</attrlabl><attalias Sync="TRUE">POINT_X</attalias><attrtype Sync="TRUE">Double</attrtype><attwidth Sync="TRUE">8</attwidth><atprecis Sync="TRUE">0</atprecis><attscale Sync="TRUE">0</attscale><attrdef>Longitude(NAD83 2011) at collection point</attrdef></attr><attr xmlns=""><attrlabl Sync="TRUE">POINT_Y</attrlabl><attalias Sync="TRUE">POINT_Y</attalias><attrtype Sync="TRUE">Double</attrtype><attwidth Sync="TRUE">8</attwidth><atprecis Sync="TRUE">0</atprecis><attscale Sync="TRUE">0</attscale><attrdef>Latitude (NAD83 2011) at collection point </attrdef></attr><attr xmlns=""><attrlabl Sync="TRUE">STATIC_ID</attrlabl><attalias Sync="TRUE">STATIC_ID</attalias><attrtype Sync="TRUE">Integer</attrtype><attwidth Sync="TRUE">4</attwidth><atprecis Sync="TRUE">0</atprecis><attscale Sync="TRUE">0</attscale><attrdef>ID used for volumetric calculations</attrdef></attr></detailed></eainfo><mdDateSt Sync="TRUE">20170613</mdDateSt><mdContact xmlns=""><rpIndName>Jessica Boynton</rpIndName><rpOrgName>SCDHEC-OCRM</rpOrgName><rpPosName>Shoreline Specialist</rpPosName><role><RoleCd value="007"/></role></mdContact><mdMaint xmlns=""><maintFreq><MaintFreqCd value="011"/></maintFreq></mdMaint><mdConst><Consts xmlns=""><useLimit>&lt;DIV STYLE="text-align:Left;"&gt;&lt;DIV&gt;&lt;P&gt;&lt;SPAN&gt;GENERAL REFERENCE&lt;/SPAN&gt;&lt;/P&gt;&lt;/DIV&gt;&lt;/DIV&gt;</useLimit></Consts></mdConst><dqInfo xmlns=""><dataLineage><statement>Data was collected by Coastal Science &amp; Engineering.  Coastal Science &amp; Engineering PO Box 8056 Columbia SC 29202-8056  Data was provided to OCRM Project Manager for QA/QC using terms of the contract and RFP requirements.  Data was provided to OCRM GIS Manager for final preparation for storage, dissemination and application development.
</statement><prcStep xmlns=""><stepDesc>Data was collected by Coastal Science &amp; Engineering.  Topography data is collected using a Trimble R-8 Model 2 GNSS receiver mounted on a 2 meter survey pole with topography foot for positioning.  Positioning is brought to the RTK (Real Time Kinematics) centimeter level of accuracy by using the SCRTN (South Carolina Real Time Network).  Connection to the network is made over the internet by using a Verizon Wireless MiFi hotspot.  The data is logged using a Trimble TSC3 data collector running the latest version of Trimble Access which is connected to the receiver via Bluetooth.  A John Deere Gator is used to transport crew down the beach in a quick, yet safe and low impact manner.  Bathymetric data was collected using the R/V Southern Echo which is a 24 ft vessel with an enclosed pilot house.  The vessel is equipped with a Trimble R-8 Model 2 GNSS receiver which is connected to a computer for positioning.  Positioning is brought to the RTK (Real Time Kinematics) centimeter level of accuracy by using the SCRTN (South Carolina Real Time Network).  Connection to the network is made over the internet by using a Verizon Wireless MiFi hotspot.  A single beam transducer (8* beam) is mounted on the stern of the vessel  which is connected to the Teledyne Odom CV100 Echo sounder which is then connected to the same computer.  The CV100 allows for soundings to be collected to the tenth of a foot.  Data acquisition software used is the current version Hypack 2015.
</stepDesc></prcStep><prcStep xmlns=""><stepDesc>Project manager received all delivered beach topographic and bathymetric points, grouped by beach area. Project manager reviewed each of the 397 monument-based collections to determine if collection points fell within an acceptable distance of the path of the provisional transect (as provided to CSE by OCRM).
</stepDesc></prcStep><prcStep xmlns=""><stepDesc>Project manager worked with CSE to resolve issues where collection points did not comply with required contract standards addressing spatial accuracy.
</stepDesc></prcStep><prcStep xmlns=""><stepDesc>QA/QC'd data was provide to OCRM GIS Manager, grouped by beach area.  GIS Manager reviewed all collection points for missing or incorrect attributes, researched correct attribute values, and added/updated values where necessary.  GIS Manager inspected each transect "line" in order to identify gaps between sampling points in excess of 40 feet, and noted their positions.  GIS Manager inspected each transect "line" for occurrences of overlap, where points, which should be moving in the direction of beach to water, instead moved back toward beach before moving again toward water. Overlaps were corrected deleting points that created the "switchback".  Because they did not meet required collection standards, so point sections had to be recollected. When the recollected points were added to the original, a problem was created whereby the point records were no longer in a sequential beach to water orientation. In order to correct this issue (for purpose of creating beach profiles/cross-sections), GIS Manager recreated effected transects by extracting their X,Y position, reordering (sorting) them by the appropriate component (X or Y) and recreating the collection.
</stepDesc></prcStep><prcStep xmlns=""><stepDesc>Data collection is monument-based. Monuments are occasionally relocated/reset. As such, collection start points change each year. To support comparison, the OCRM GIS Manager determined the most landward collection start for each transect using 2014-16 datasets, generated a polyline from those selected points, buffered the polyline 100 feet, extracted a new "comparison" polyline and generated comparison points (nearest vertices along the polyline compared to the select start points) for each transect. Using the comparison points, distance values were re-calculated for every collection point. The purpose was to facilitate accurate charting within OCRM's BERM Explorer application.
</stepDesc></prcStep><dataSource xmlns="" type=""><srcDesc>Data was collected by Coastal Science &amp; Engineering.  Coastal Science &amp; Engineering PO Box 8056 Columbia SC 29202-8056  Topography data is collected using a Trimble R-8 Model 2 GNSS receiver mounted on a 2 meter survey pole with topography foot for positioning.  Positioning is brought to the RTK (Real Time Kinematics) centimeter level of accuracy by using the SCRTN (South Carolina Real Time Network).  Connection to the network is made over the internet by using a Verizon Wireless MiFi hotspot.  The data is logged using a Trimble TSC3 data collector running the latest version of Trimble Access which is connected to the receiver via Bluetooth.  A John Deere Gator is used to transport crew down the beach in a quick, yet safe and low impact manner.  Bathymetric data was collected using the R/V Southern Echo which is a 24 ft vessel with an enclosed pilot house.  The vessel is equipped with a Trimble R-8 Model 2 GNSS receiver which is connected to a computer for positioning.  Positioning is brought to the RTK (Real Time Kinematics) centimeter level of accuracy by using the SCRTN (South Carolina Real Time Network).  Connection to the network is made over the internet by using a Verizon Wireless MiFi hotspot.  A single beam transducer (8* beam) is mounted on the stern of the vessel  which is connected to the Teledyne Odom CV100 Echo sounder which is then connected to the same computer.  The CV100 allows for soundings to be collected to the tenth of a foot.  Data acquisition software used is the current version Hypack 2015.
</srcDesc></dataSource></dataLineage></dqInfo></metadata>
