<metadata xml:lang="en"><Esri><CreaDate>20190423</CreaDate><CreaTime>09303300</CreaTime><ArcGISFormat>1.0</ArcGISFormat><SyncOnce>FALSE</SyncOnce><DataProperties><lineage><Process ToolSource="c:\program files (x86)\arcgis\desktop10.6\ArcToolbox\Toolboxes\Data Management Tools.tbx\CalculateField" Date="20190423" Time="093033">CalculateField BERM2018 COL_DATE2 !COL_DATE!.strip('u') PYTHON_9.3 #</Process><Process ToolSource="c:\program files (x86)\arcgis\desktop10.6\ArcToolbox\Toolboxes\Data Management Tools.tbx\CalculateField" Date="20190423" Time="094339">CalculateField BERM2018 Col_Date3 !COL_DATE2!.strip(' " ') PYTHON_9.3 #</Process><Process ToolSource="c:\program files (x86)\arcgis\desktop10.6\ArcToolbox\Toolboxes\Data Management Tools.tbx\CalculateField" Date="20190423" Time="094739">CalculateField BERM2018 col_date4 !col_date4!.lstrip( ' " ') PYTHON_9.3 #</Process><Process ToolSource="c:\program files (x86)\arcgis\desktop10.6\ArcToolbox\Toolboxes\Data Management Tools.tbx\CalculateField" Date="20190423" Time="095426">CalculateField BERM2018 col_date5 !Col_Date3!.lstrip(' u ') PYTHON_9.3 #</Process><Process ToolSource="c:\program files (x86)\arcgis\desktop10.6\ArcToolbox\Toolboxes\Data Management Tools.tbx\CalculateField" Date="20190423" Time="095958">CalculateField BERM2018 COL_DATE !col_date5!.lstrip(' " ') PYTHON_9.3 #</Process><Process ToolSource="c:\program files (x86)\arcgis\desktop10.6\ArcToolbox\Toolboxes\Data Management Tools.tbx\CalculateField" Date="20190423" Time="101211">CalculateField BERM2018 TRAN_ID !Monument![0:4] PYTHON_9.3 #</Process><Process ToolSource="c:\program files (x86)\arcgis\desktop10.6\ArcToolbox\Toolboxes\Data Management Tools.tbx\CalculateField" Date="20190423" Time="101555">CalculateField BERM2018 STATIC_ID !OBJECTID! PYTHON_9.3 #</Process><Process ToolSource="c:\program files (x86)\arcgis\desktop10.6\ArcToolbox\Toolboxes\Data Management Tools.tbx\AddXY" Date="20190423" Time="123213">AddXY BERM2018</Process><Process ToolSource="c:\program files (x86)\arcgis\desktop10.6\ArcToolbox\Toolboxes\Data Management Tools.tbx\AddXY" Date="20190423" Time="123434">AddXY BERM2018</Process><Process ToolSource="c:\program files (x86)\arcgis\desktop10.6\ArcToolbox\Toolboxes\Data Management Tools.tbx\AddXY" Date="20190423" Time="124342">AddXY "J:\BERM DATA &amp; PROCESSING\BERM2018\2018_PROCESSESING\PROCESSING_2018_2.gdb\Projected_Merged_BERM2018_2\BERM2018_DATA"</Process><Process ToolSource="c:\program files (x86)\arcgis\desktop10.6\ArcToolbox\Toolboxes\Conversion Tools.tbx\FeatureClassToFeatureClass" Date="20190423" Time="163603">FeatureClassToFeatureClass "J:\BERM DATA &amp; PROCESSING\BERM2018\2018_PROCESSESING\PROCESSING_2018_2.gdb\Projected_Merged_BERM2018_2\BERM2018_DATA" "J:\BERM DATA &amp; PROCESSING\BERM2018\2018_PROCESSESING\PROCESSING_2018_2.gdb\BERM2018_FINAL_DATASET" BERM2018_PTS # "Location "Location" true true false 254 Text 0 0 ,First,#,J:\BERM DATA &amp; PROCESSING\BERM2018\2018_PROCESSESING\PROCESSING_2018_2.gdb\Projected_Merged_BERM2018_2\BERM2018_DATA,Location,-1,-1;Monument "Monument" true true false 254 Text 0 0 ,First,#,J:\BERM DATA &amp; PROCESSING\BERM2018\2018_PROCESSESING\PROCESSING_2018_2.gdb\Projected_Merged_BERM2018_2\BERM2018_DATA,Monument,-1,-1;Northing "Northing" true true false 8 Double 0 0 ,First,#,J:\BERM DATA &amp; PROCESSING\BERM2018\2018_PROCESSESING\PROCESSING_2018_2.gdb\Projected_Merged_BERM2018_2\BERM2018_DATA,Northing,-1,-1;Easting "Easting" true true false 8 Double 0 0 ,First,#,J:\BERM DATA &amp; PROCESSING\BERM2018\2018_PROCESSESING\PROCESSING_2018_2.gdb\Projected_Merged_BERM2018_2\BERM2018_DATA,Easting,-1,-1;Elevation "Elevation" true true false 8 Double 0 0 ,First,#,J:\BERM DATA &amp; PROCESSING\BERM2018\2018_PROCESSESING\PROCESSING_2018_2.gdb\Projected_Merged_BERM2018_2\BERM2018_DATA,Elevation,-1,-1;Year "Year" true true false 4 Long 0 0 ,First,#,J:\BERM DATA &amp; PROCESSING\BERM2018\2018_PROCESSESING\PROCESSING_2018_2.gdb\Projected_Merged_BERM2018_2\BERM2018_DATA,Year,-1,-1;Day "Day" true true false 4 Long 0 0 ,First,#,J:\BERM DATA &amp; PROCESSING\BERM2018\2018_PROCESSESING\PROCESSING_2018_2.gdb\Projected_Merged_BERM2018_2\BERM2018_DATA,Day,-1,-1;BEACH "BEACH" true true false 50 Text 0 0 ,First,#,J:\BERM DATA &amp; PROCESSING\BERM2018\2018_PROCESSESING\PROCESSING_2018_2.gdb\Projected_Merged_BERM2018_2\BERM2018_DATA,BEACH,-1,-1;TRAN_ID "TRAN_ID" true true false 10 Text 0 0 ,First,#,J:\BERM DATA &amp; PROCESSING\BERM2018\2018_PROCESSESING\PROCESSING_2018_2.gdb\Projected_Merged_BERM2018_2\BERM2018_DATA,TRAN_ID,-1,-1;DFM "DFM" true true false 8 Double 0 0 ,First,#,J:\BERM DATA &amp; PROCESSING\BERM2018\2018_PROCESSESING\PROCESSING_2018_2.gdb\Projected_Merged_BERM2018_2\BERM2018_DATA,DFM,-1,-1;DFCP "DFCP" true true false 8 Double 0 0 ,First,#,J:\BERM DATA &amp; PROCESSING\BERM2018\2018_PROCESSESING\PROCESSING_2018_2.gdb\Projected_Merged_BERM2018_2\BERM2018_DATA,DFCP,-1,-1;POINT_X "POINT_X" true true false 8 Double 0 0 ,First,#,J:\BERM DATA &amp; PROCESSING\BERM2018\2018_PROCESSESING\PROCESSING_2018_2.gdb\Projected_Merged_BERM2018_2\BERM2018_DATA,POINT_X,-1,-1;POINT_Y "POINT_Y" true true false 8 Double 0 0 ,First,#,J:\BERM DATA &amp; PROCESSING\BERM2018\2018_PROCESSESING\PROCESSING_2018_2.gdb\Projected_Merged_BERM2018_2\BERM2018_DATA,POINT_Y,-1,-1;STATIC_ID "STATIC_ID" true true false 4 Long 0 0 ,First,#,J:\BERM DATA &amp; PROCESSING\BERM2018\2018_PROCESSESING\PROCESSING_2018_2.gdb\Projected_Merged_BERM2018_2\BERM2018_DATA,STATIC_ID,-1,-1;DBL "DBL" true true false 8 Double 0 0 ,First,#,J:\BERM DATA &amp; PROCESSING\BERM2018\2018_PROCESSESING\PROCESSING_2018_2.gdb\Projected_Merged_BERM2018_2\BERM2018_DATA,DBL,-1,-1;Survey "Survey" true true false 50 Text 0 0 ,First,#,J:\BERM DATA &amp; PROCESSING\BERM2018\2018_PROCESSESING\PROCESSING_2018_2.gdb\Projected_Merged_BERM2018_2\BERM2018_DATA,Survey,-1,-1;strFID "strFID" true true false 50 Text 0 0 ,First,#,J:\BERM DATA &amp; PROCESSING\BERM2018\2018_PROCESSESING\PROCESSING_2018_2.gdb\Projected_Merged_BERM2018_2\BERM2018_DATA,strFID,-1,-1;COL_DATE "COL_DATE" true true false 15 Text 0 0 ,First,#,J:\BERM DATA &amp; PROCESSING\BERM2018\2018_PROCESSESING\PROCESSING_2018_2.gdb\Projected_Merged_BERM2018_2\BERM2018_DATA,COL_DATE,-1,-1" #</Process><Process ToolSource="c:\program files (x86)\arcgis\desktop10.6\ArcToolbox\Toolboxes\Data Management Tools.tbx\CalculateField" Date="20190502" Time="091957">CalculateField BERM2018_PTS BEACH1 !BEACH! PYTHON_9.3 #</Process><Process ToolSource="c:\program files (x86)\arcgis\desktop10.6\ArcToolbox\Toolboxes\Data Management Tools.tbx\CalculateField" Date="20190502" Time="092415">CalculateField BERM2018_PTS BEACH !BEACH1! PYTHON_9.3 #</Process><Process ToolSource="c:\program files (x86)\arcgis\desktop10.6\ArcToolbox\Toolboxes\Conversion Tools.tbx\FeatureClassToFeatureClass" Date="20190502" Time="093807">FeatureClassToFeatureClass "J:\BERM DATA &amp; PROCESSING\BERM2018\2018_PROCESSESING\BERM2018_FINAL_DATASET.gdb\FINAL_DATA_BERM2018\BERM2018_PTS" \\gistest01vm\GisResource\data\BERM\BERM16.gdb BERM2018_PTS # "Location "Location" true true false 254 Text 0 0 ,First,#,J:\BERM DATA &amp; PROCESSING\BERM2018\2018_PROCESSESING\BERM2018_FINAL_DATASET.gdb\FINAL_DATA_BERM2018\BERM2018_PTS,Location,-1,-1;Monument "Monument" true true false 254 Text 0 0 ,First,#,J:\BERM DATA &amp; PROCESSING\BERM2018\2018_PROCESSESING\BERM2018_FINAL_DATASET.gdb\FINAL_DATA_BERM2018\BERM2018_PTS,Monument,-1,-1;Northing "Northing" true true false 8 Double 0 0 ,First,#,J:\BERM DATA &amp; PROCESSING\BERM2018\2018_PROCESSESING\BERM2018_FINAL_DATASET.gdb\FINAL_DATA_BERM2018\BERM2018_PTS,Northing,-1,-1;Easting "Easting" true true false 8 Double 0 0 ,First,#,J:\BERM DATA &amp; PROCESSING\BERM2018\2018_PROCESSESING\BERM2018_FINAL_DATASET.gdb\FINAL_DATA_BERM2018\BERM2018_PTS,Easting,-1,-1;Elevation "Elevation" true true false 8 Double 0 0 ,First,#,J:\BERM DATA &amp; PROCESSING\BERM2018\2018_PROCESSESING\BERM2018_FINAL_DATASET.gdb\FINAL_DATA_BERM2018\BERM2018_PTS,Elevation,-1,-1;Year "Year" true true false 4 Long 0 0 ,First,#,J:\BERM DATA &amp; PROCESSING\BERM2018\2018_PROCESSESING\BERM2018_FINAL_DATASET.gdb\FINAL_DATA_BERM2018\BERM2018_PTS,Year,-1,-1;Day "Day" true true false 4 Long 0 0 ,First,#,J:\BERM DATA &amp; PROCESSING\BERM2018\2018_PROCESSESING\BERM2018_FINAL_DATASET.gdb\FINAL_DATA_BERM2018\BERM2018_PTS,Day,-1,-1;TRAN_ID "TRAN_ID" true true false 10 Text 0 0 ,First,#,J:\BERM DATA &amp; PROCESSING\BERM2018\2018_PROCESSESING\BERM2018_FINAL_DATASET.gdb\FINAL_DATA_BERM2018\BERM2018_PTS,TRAN_ID,-1,-1;DFM "DFM" true true false 8 Double 0 0 ,First,#,J:\BERM DATA &amp; PROCESSING\BERM2018\2018_PROCESSESING\BERM2018_FINAL_DATASET.gdb\FINAL_DATA_BERM2018\BERM2018_PTS,DFM,-1,-1;DFCP "DFCP" true true false 8 Double 0 0 ,First,#,J:\BERM DATA &amp; PROCESSING\BERM2018\2018_PROCESSESING\BERM2018_FINAL_DATASET.gdb\FINAL_DATA_BERM2018\BERM2018_PTS,DFCP,-1,-1;POINT_X "POINT_X" true true false 8 Double 0 0 ,First,#,J:\BERM DATA &amp; PROCESSING\BERM2018\2018_PROCESSESING\BERM2018_FINAL_DATASET.gdb\FINAL_DATA_BERM2018\BERM2018_PTS,POINT_X,-1,-1;POINT_Y "POINT_Y" true true false 8 Double 0 0 ,First,#,J:\BERM DATA &amp; PROCESSING\BERM2018\2018_PROCESSESING\BERM2018_FINAL_DATASET.gdb\FINAL_DATA_BERM2018\BERM2018_PTS,POINT_Y,-1,-1;STATIC_ID "STATIC_ID" true true false 4 Long 0 0 ,First,#,J:\BERM DATA &amp; PROCESSING\BERM2018\2018_PROCESSESING\BERM2018_FINAL_DATASET.gdb\FINAL_DATA_BERM2018\BERM2018_PTS,STATIC_ID,-1,-1;COL_DATE "COL_DATE" true true false 15 Text 0 0 ,First,#,J:\BERM DATA &amp; PROCESSING\BERM2018\2018_PROCESSESING\BERM2018_FINAL_DATASET.gdb\FINAL_DATA_BERM2018\BERM2018_PTS,COL_DATE,-1,-1;BEACH "BEACH" true true false 50 Text 0 0 ,First,#,J:\BERM DATA &amp; PROCESSING\BERM2018\2018_PROCESSESING\BERM2018_FINAL_DATASET.gdb\FINAL_DATA_BERM2018\BERM2018_PTS,BEACH,-1,-1" #</Process><Process Name="Select" ToolSource="c:\program files (x86)\arcgis\desktop10.6\ArcToolbox\Toolboxes\Analysis Tools.tbx\Select" Date="20190514" Time="114936">Select I_BERM2018_PTS_BEACH "L:\OFFICE DOC\BERM2017\BERM DOWNLOADS\SHAPEFILES_2018\Edisto Beach.shp" #</Process></lineage><itemProps><itemName Sync="TRUE">Edisto Beach</itemName><imsContentType Sync="TRUE">002</imsContentType><itemLocation><linkage Sync="TRUE">file://\\coitsdatafs\users\nyarkosn\OFFICE DOC\BERM2017\BERM DOWNLOADS\ALL_BEACH_DOWNLOAD_DATA\DOWNLOADS\Edisto_Beach_2018</linkage><protocol Sync="TRUE">Local Area Network</protocol></itemLocation><itemSize Sync="TRUE">0.000</itemSize></itemProps><coordRef><type Sync="TRUE">Projected</type><geogcsn Sync="TRUE">GCS_NAD_1983_2011</geogcsn><csUnits Sync="TRUE">Linear Unit: Foot (0.304800)</csUnits><projcsn Sync="TRUE">NAD_1983_2011_StatePlane_South_Carolina_FIPS_3900_Ft_Intl</projcsn><peXml Sync="TRUE">&lt;ProjectedCoordinateSystem xsi:type='typens:ProjectedCoordinateSystem' xmlns:xsi='http://www.w3.org/2001/XMLSchema-instance' xmlns:xs='http://www.w3.org/2001/XMLSchema' xmlns:typens='http://www.esri.com/schemas/ArcGIS/10.6'&gt;&lt;WKT&gt;PROJCS[&amp;quot;NAD_1983_2011_StatePlane_South_Carolina_FIPS_3900_Ft_Intl&amp;quot;,GEOGCS[&amp;quot;GCS_NAD_1983_2011&amp;quot;,DATUM[&amp;quot;D_NAD_1983_2011&amp;quot;,SPHEROID[&amp;quot;GRS_1980&amp;quot;,6378137.0,298.257222101]],PRIMEM[&amp;quot;Greenwich&amp;quot;,0.0],UNIT[&amp;quot;Degree&amp;quot;,0.0174532925199433]],PROJECTION[&amp;quot;Lambert_Conformal_Conic&amp;quot;],PARAMETER[&amp;quot;False_Easting&amp;quot;,2000000.0],PARAMETER[&amp;quot;False_Northing&amp;quot;,0.0],PARAMETER[&amp;quot;Central_Meridian&amp;quot;,-81.0],PARAMETER[&amp;quot;Standard_Parallel_1&amp;quot;,32.5],PARAMETER[&amp;quot;Standard_Parallel_2&amp;quot;,34.83333333333334],PARAMETER[&amp;quot;Latitude_Of_Origin&amp;quot;,31.83333333333333],UNIT[&amp;quot;Foot&amp;quot;,0.3048],AUTHORITY[&amp;quot;EPSG&amp;quot;,6570]]&lt;/WKT&gt;&lt;XOrigin&gt;-122907600&lt;/XOrigin&gt;&lt;YOrigin&gt;-92800700&lt;/YOrigin&gt;&lt;XYScale&gt;36055449.207017787&lt;/XYScale&gt;&lt;ZOrigin&gt;-100000&lt;/ZOrigin&gt;&lt;ZScale&gt;10000&lt;/ZScale&gt;&lt;MOrigin&gt;-100000&lt;/MOrigin&gt;&lt;MScale&gt;10000&lt;/MScale&gt;&lt;XYTolerance&gt;0.0032808398950131233&lt;/XYTolerance&gt;&lt;ZTolerance&gt;0.001&lt;/ZTolerance&gt;&lt;MTolerance&gt;0.001&lt;/MTolerance&gt;&lt;HighPrecision&gt;true&lt;/HighPrecision&gt;&lt;WKID&gt;103146&lt;/WKID&gt;&lt;LatestWKID&gt;6570&lt;/LatestWKID&gt;&lt;/ProjectedCoordinateSystem&gt;</peXml></coordRef><copyHistory><copy source="L:\OFFICE DOC\BERM2017\BERM DOWNLOADS\ALL_BEACH_DOWNLOAD_DATA\Edisto_Beach_2018" dest="\\coitsdatafs\users\nyarkosn\OFFICE DOC\BERM2017\BERM DOWNLOADS\ALL_BEACH_DOWNLOAD_DATA\DOWNLOADS\Edisto_Beach_2018" date="20190514" time="16412000"></copy></copyHistory></DataProperties><SyncDate>20190514</SyncDate><SyncTime>11483600</SyncTime><ModDate>20190514</ModDate><ModTime>11483600</ModTime></Esri><dataIdInfo><envirDesc Sync="TRUE"> Version 6.2 (Build 9200) ; Esri ArcGIS 10.6.1.9270</envirDesc><dataLang><languageCode value="eng" Sync="TRUE"></languageCode><countryCode value="USA" Sync="TRUE"></countryCode></dataLang><idCitation><resTitle Sync="TRUE">Edisto Beach</resTitle><presForm><PresFormCd value="005" Sync="TRUE"></PresFormCd></presForm></idCitation><spatRpType><SpatRepTypCd value="001" Sync="TRUE"></SpatRepTypCd></spatRpType></dataIdInfo><mdLang><languageCode value="eng" Sync="TRUE"></languageCode><countryCode value="USA" Sync="TRUE"></countryCode></mdLang><distInfo><distFormat><formatName Sync="TRUE">Shapefile</formatName></distFormat><distTranOps><transSize Sync="TRUE">0.000</transSize></distTranOps></distInfo><mdHrLv><ScopeCd value="005" Sync="TRUE"></ScopeCd></mdHrLv><mdHrLvName Sync="TRUE">dataset</mdHrLvName><refSysInfo><RefSystem><refSysID><identCode code="6570" Sync="TRUE"></identCode><idCodeSpace Sync="TRUE">EPSG</idCodeSpace><idVersion Sync="TRUE">8.2.10(10.3.1)</idVersion></refSysID></RefSystem></refSysInfo><spatRepInfo><VectSpatRep><geometObjs Name="Edisto Beach"><geoObjTyp><GeoObjTypCd value="004" Sync="TRUE"></GeoObjTypCd></geoObjTyp><geoObjCnt Sync="TRUE">0</geoObjCnt></geometObjs><topLvl><TopoLevCd value="001" Sync="TRUE"></TopoLevCd></topLvl></VectSpatRep></spatRepInfo><spdoinfo><ptvctinf><esriterm Name="Edisto Beach"><efeatyp Sync="TRUE">Simple</efeatyp><efeageom code="1" Sync="TRUE"></efeageom><esritopo Sync="TRUE">FALSE</esritopo><efeacnt Sync="TRUE">0</efeacnt><spindex Sync="TRUE">FALSE</spindex><linrefer Sync="TRUE">FALSE</linrefer></esriterm></ptvctinf></spdoinfo><eainfo><detailed Name="Edisto Beach"><enttyp><enttypl Sync="TRUE">Edisto Beach</enttypl><enttypt Sync="TRUE">Feature Class</enttypt><enttypc Sync="TRUE">0</enttypc></enttyp><attr><attrlabl Sync="TRUE">FID</attrlabl><attalias Sync="TRUE">FID</attalias><attrtype Sync="TRUE">OID</attrtype><attwidth Sync="TRUE">4</attwidth><atprecis Sync="TRUE">0</atprecis><attscale Sync="TRUE">0</attscale><attrdef Sync="TRUE">Internal feature number.</attrdef><attrdefs Sync="TRUE">Esri</attrdefs><attrdomv><udom Sync="TRUE">Sequential unique whole numbers that are automatically generated.</udom></attrdomv></attr><attr><attrlabl Sync="TRUE">Shape</attrlabl><attalias Sync="TRUE">Shape</attalias><attrtype Sync="TRUE">Geometry</attrtype><attwidth Sync="TRUE">0</attwidth><atprecis Sync="TRUE">0</atprecis><attscale Sync="TRUE">0</attscale><attrdef Sync="TRUE">Feature geometry.</attrdef><attrdefs Sync="TRUE">Esri</attrdefs><attrdomv><udom Sync="TRUE">Coordinates defining the features.</udom></attrdomv></attr><attr><attrlabl Sync="TRUE">Location</attrlabl><attalias Sync="TRUE">Location</attalias><attrtype Sync="TRUE">String</attrtype><attwidth Sync="TRUE">254</attwidth><atprecis Sync="TRUE">0</atprecis><attscale Sync="TRUE">0</attscale></attr><attr><attrlabl Sync="TRUE">Monument</attrlabl><attalias Sync="TRUE">Monument</attalias><attrtype Sync="TRUE">String</attrtype><attwidth Sync="TRUE">254</attwidth><atprecis Sync="TRUE">0</atprecis><attscale Sync="TRUE">0</attscale></attr><attr><attrlabl Sync="TRUE">Northing</attrlabl><attalias Sync="TRUE">Northing</attalias><attrtype Sync="TRUE">Double</attrtype><attwidth Sync="TRUE">19</attwidth><atprecis Sync="TRUE">0</atprecis><attscale Sync="TRUE">0</attscale></attr><attr><attrlabl Sync="TRUE">Easting</attrlabl><attalias Sync="TRUE">Easting</attalias><attrtype Sync="TRUE">Double</attrtype><attwidth Sync="TRUE">19</attwidth><atprecis Sync="TRUE">0</atprecis><attscale Sync="TRUE">0</attscale></attr><attr><attrlabl Sync="TRUE">Elevation</attrlabl><attalias Sync="TRUE">Elevation</attalias><attrtype Sync="TRUE">Double</attrtype><attwidth Sync="TRUE">19</attwidth><atprecis Sync="TRUE">0</atprecis><attscale Sync="TRUE">0</attscale></attr><attr><attrlabl Sync="TRUE">Year</attrlabl><attalias Sync="TRUE">Year</attalias><attrtype Sync="TRUE">Integer</attrtype><attwidth Sync="TRUE">10</attwidth><atprecis Sync="TRUE">10</atprecis><attscale Sync="TRUE">0</attscale></attr><attr><attrlabl Sync="TRUE">Day</attrlabl><attalias Sync="TRUE">Day</attalias><attrtype Sync="TRUE">Integer</attrtype><attwidth Sync="TRUE">10</attwidth><atprecis Sync="TRUE">10</atprecis><attscale Sync="TRUE">0</attscale></attr><attr><attrlabl Sync="TRUE">BEACH</attrlabl><attalias Sync="TRUE">BEACH</attalias><attrtype Sync="TRUE">String</attrtype><attwidth Sync="TRUE">50</attwidth><atprecis Sync="TRUE">0</atprecis><attscale Sync="TRUE">0</attscale></attr><attr><attrlabl Sync="TRUE">TRAN_ID</attrlabl><attalias Sync="TRUE">TRAN_ID</attalias><attrtype Sync="TRUE">String</attrtype><attwidth Sync="TRUE">10</attwidth><atprecis Sync="TRUE">0</atprecis><attscale Sync="TRUE">0</attscale></attr><attr><attrlabl Sync="TRUE">DFM</attrlabl><attalias Sync="TRUE">DFM</attalias><attrtype Sync="TRUE">Double</attrtype><attwidth Sync="TRUE">19</attwidth><atprecis Sync="TRUE">0</atprecis><attscale Sync="TRUE">0</attscale></attr><attr><attrlabl Sync="TRUE">DFCP</attrlabl><attalias Sync="TRUE">DFCP</attalias><attrtype Sync="TRUE">Double</attrtype><attwidth Sync="TRUE">19</attwidth><atprecis Sync="TRUE">0</atprecis><attscale Sync="TRUE">0</attscale></attr><attr><attrlabl Sync="TRUE">POINT_X</attrlabl><attalias Sync="TRUE">POINT_X</attalias><attrtype Sync="TRUE">Double</attrtype><attwidth Sync="TRUE">19</attwidth><atprecis Sync="TRUE">0</atprecis><attscale Sync="TRUE">0</attscale></attr><attr><attrlabl Sync="TRUE">POINT_Y</attrlabl><attalias Sync="TRUE">POINT_Y</attalias><attrtype Sync="TRUE">Double</attrtype><attwidth Sync="TRUE">19</attwidth><atprecis Sync="TRUE">0</atprecis><attscale Sync="TRUE">0</attscale></attr><attr><attrlabl Sync="TRUE">STATIC_ID</attrlabl><attalias Sync="TRUE">STATIC_ID</attalias><attrtype Sync="TRUE">Integer</attrtype><attwidth Sync="TRUE">10</attwidth><atprecis Sync="TRUE">10</atprecis><attscale Sync="TRUE">0</attscale></attr><attr><attrlabl Sync="TRUE">COL_DATE</attrlabl><attalias Sync="TRUE">COL_DATE</attalias><attrtype Sync="TRUE">String</attrtype><attwidth Sync="TRUE">15</attwidth><atprecis Sync="TRUE">0</atprecis><attscale Sync="TRUE">0</attscale></attr></detailed></eainfo><mdDateSt Sync="TRUE">20190514</mdDateSt></metadata>
