<metadata xml:lang="en"><Esri><CreaDate>20190307</CreaDate><CreaTime>11301500</CreaTime><ArcGISFormat>1.0</ArcGISFormat><SyncOnce>FALSE</SyncOnce><DataProperties><lineage><Process ToolSource="c:\program files (x86)\arcgis\desktop10.6\ArcToolbox\Toolboxes\Data Management Tools.tbx\CalculateField" Date="20190305" Time="152542">CalculateField _Hilton_Head TRAN_ID !MONUMENT![0:4] PYTHON_9.3 #</Process><Process ToolSource="c:\program files (x86)\arcgis\desktop10.6\ArcToolbox\Toolboxes\Data Management Tools.tbx\CalculateField" Date="20190305" Time="154918">CalculateField _Hilton_Head BEACH 'Hilton Head Island' PYTHON_9.3 #</Process><Process ToolSource="c:\program files (x86)\arcgis\desktop10.6\ArcToolbox\Toolboxes\Data Management Tools.tbx\CalculateField" Date="20190305" Time="154947">CalculateField _Hilton_Head COL_DATE '3/16/2017' PYTHON_9.3 #</Process><Process ToolSource="c:\program files (x86)\arcgis\desktop10.6\ArcToolbox\Toolboxes\Data Management Tools.tbx\Merge" Date="20190307" Time="112124">Merge '\\DHECCHASTN86\data\COMMON\POLICY_AND_PLANNING\Sam_Jessica\BERM DATA &amp; PROCESSING\BERM2017\PROCESSING\2017_PROCESSESING\2017_BEACH_DATA.gdb\BEACH_DATA_PROCESSING2\_Hilton_Head';'\\DHECCHASTN86\data\COMMON\POLICY_AND_PLANNING\Sam_Jessica\BERM DATA &amp; PROCESSING\BERM2017\PROCESSING\2017_PROCESSESING\2017_BEACH_DATA.gdb\BEACH_DATA_PROCESSING2\_Fripp';'\\DHECCHASTN86\data\COMMON\POLICY_AND_PLANNING\Sam_Jessica\BERM DATA &amp; PROCESSING\BERM2017\PROCESSING\2017_PROCESSESING\2017_BEACH_DATA.gdb\BEACH_DATA_PROCESSING2\_Harbor';'\\DHECCHASTN86\data\COMMON\POLICY_AND_PLANNING\Sam_Jessica\BERM DATA &amp; PROCESSING\BERM2017\PROCESSING\2017_PROCESSESING\2017_BEACH_DATA.gdb\BEACH_DATA_PROCESSING2\_Edisto';'\\DHECCHASTN86\data\COMMON\POLICY_AND_PLANNING\Sam_Jessica\BERM DATA &amp; PROCESSING\BERM2017\PROCESSING\2017_PROCESSESING\2017_BEACH_DATA.gdb\BEACH_DATA_PROCESSING2\_Seabrook';'\\DHECCHASTN86\data\COMMON\POLICY_AND_PLANNING\Sam_Jessica\BERM DATA &amp; PROCESSING\BERM2017\PROCESSING\2017_PROCESSESING\2017_BEACH_DATA.gdb\BEACH_DATA_PROCESSING2\_Kiawah';'\\DHECCHASTN86\data\COMMON\POLICY_AND_PLANNING\Sam_Jessica\BERM DATA &amp; PROCESSING\BERM2017\PROCESSING\2017_PROCESSESING\2017_BEACH_DATA.gdb\BEACH_DATA_PROCESSING2\_Folly';'\\DHECCHASTN86\data\COMMON\POLICY_AND_PLANNING\Sam_Jessica\BERM DATA &amp; PROCESSING\BERM2017\PROCESSING\2017_PROCESSESING\2017_BEACH_DATA.gdb\BEACH_DATA_PROCESSING2\_Sullivans';'\\DHECCHASTN86\data\COMMON\POLICY_AND_PLANNING\Sam_Jessica\BERM DATA &amp; PROCESSING\BERM2017\PROCESSING\2017_PROCESSESING\2017_BEACH_DATA.gdb\BEACH_DATA_PROCESSING2\_Isle_of_Palms';'\\DHECCHASTN86\data\COMMON\POLICY_AND_PLANNING\Sam_Jessica\BERM DATA &amp; PROCESSING\BERM2017\PROCESSING\2017_PROCESSESING\2017_BEACH_DATA.gdb\BEACH_DATA_PROCESSING2\_Dewees';'\\DHECCHASTN86\data\COMMON\POLICY_AND_PLANNING\Sam_Jessica\BERM DATA &amp; PROCESSING\BERM2017\PROCESSING\2017_PROCESSESING\2017_BEACH_DATA.gdb\BEACH_DATA_PROCESSING2\_Pawleys_Island';'\\DHECCHASTN86\data\COMMON\POLICY_AND_PLANNING\Sam_Jessica\BERM DATA &amp; PROCESSING\BERM2017\PROCESSING\2017_PROCESSESING\2017_BEACH_DATA.gdb\BEACH_DATA_PROCESSING2\_Briarcliffe_Acres';'\\DHECCHASTN86\data\COMMON\POLICY_AND_PLANNING\Sam_Jessica\BERM DATA &amp; PROCESSING\BERM2017\PROCESSING\2017_PROCESSESING\2017_BEACH_DATA.gdb\BEACH_DATA_PROCESSING2\_Daufuskie';'\\DHECCHASTN86\data\COMMON\POLICY_AND_PLANNING\Sam_Jessica\BERM DATA &amp; PROCESSING\BERM2017\PROCESSING\2017_PROCESSESING\2017_BEACH_DATA.gdb\BEACH_DATA_PROCESSING2\_Debordieu';'\\DHECCHASTN86\data\COMMON\POLICY_AND_PLANNING\Sam_Jessica\BERM DATA &amp; PROCESSING\BERM2017\PROCESSING\2017_PROCESSESING\2017_BEACH_DATA.gdb\BEACH_DATA_PROCESSING2\_Garden_City';'\\DHECCHASTN86\data\COMMON\POLICY_AND_PLANNING\Sam_Jessica\BERM DATA &amp; PROCESSING\BERM2017\PROCESSING\2017_PROCESSESING\2017_BEACH_DATA.gdb\BEACH_DATA_PROCESSING2\_North_Myrtle_Beach';'\\DHECCHASTN86\data\COMMON\POLICY_AND_PLANNING\Sam_Jessica\BERM DATA &amp; PROCESSING\BERM2017\PROCESSING\2017_PROCESSESING\2017_BEACH_DATA.gdb\BEACH_DATA_PROCESSING2\_Myrtle_Beach';'\\DHECCHASTN86\data\COMMON\POLICY_AND_PLANNING\Sam_Jessica\BERM DATA &amp; PROCESSING\BERM2017\PROCESSING\2017_PROCESSESING\2017_BEACH_DATA.gdb\BEACH_DATA_PROCESSING2\_Hunting';'\\DHECCHASTN86\data\COMMON\POLICY_AND_PLANNING\Sam_Jessica\BERM DATA &amp; PROCESSING\BERM2017\PROCESSING\2017_PROCESSESING\2017_BEACH_DATA.gdb\BEACH_DATA_PROCESSING2\_Huntington';'\\DHECCHASTN86\data\COMMON\POLICY_AND_PLANNING\Sam_Jessica\BERM DATA &amp; PROCESSING\BERM2017\PROCESSING\2017_PROCESSESING\2017_BEACH_DATA.gdb\BEACH_DATA_PROCESSING2\_Litchfield';'\\DHECCHASTN86\data\COMMON\POLICY_AND_PLANNING\Sam_Jessica\BERM DATA &amp; PROCESSING\BERM2017\PROCESSING\2017_PROCESSESING\2017_BEACH_DATA.gdb\BEACH_DATA_PROCESSING2\_Surfisde';'\\DHECCHASTN86\data\COMMON\POLICY_AND_PLANNING\Sam_Jessica\BERM DATA &amp; PROCESSING\BERM2017\PROCESSING\2017_PROCESSESING\2017_BEACH_DATA.gdb\BEACH_DATA_PROCESSING2\_Waties_Island' "\\DHECCHASTN86\data\COMMON\POLICY_AND_PLANNING\Sam_Jessica\BERM DATA &amp; PROCESSING\BERM2017\PROCESSING\2017_PROCESSESING\2017_BEACH_DATA.gdb\BEACH_DATA_PROCESSING2\BERM2017_MERGEDDATA" "LAYER "LAYER" true true false 50 Text 0 0 ,First,#,\\DHECCHASTN86\data\COMMON\POLICY_AND_PLANNING\Sam_Jessica\BERM DATA &amp; PROCESSING\BERM2017\PROCESSING\2017_PROCESSESING\2017_BEACH_DATA.gdb\BEACH_DATA_PROCESSING2\_Hilton_Head,LAYER,-1,-1,\\DHECCHASTN86\data\COMMON\POLICY_AND_PLANNING\Sam_Jessica\BERM DATA &amp; PROCESSING\BERM2017\PROCESSING\2017_PROCESSESING\2017_BEACH_DATA.gdb\BEACH_DATA_PROCESSING2\_Fripp,LAYER,-1,-1,\\DHECCHASTN86\data\COMMON\POLICY_AND_PLANNING\Sam_Jessica\BERM DATA &amp; PROCESSING\BERM2017\PROCESSING\2017_PROCESSESING\2017_BEACH_DATA.gdb\BEACH_DATA_PROCESSING2\_Harbor,LAYER,-1,-1,\\DHECCHASTN86\data\COMMON\POLICY_AND_PLANNING\Sam_Jessica\BERM DATA &amp; PROCESSING\BERM2017\PROCESSING\2017_PROCESSESING\2017_BEACH_DATA.gdb\BEACH_DATA_PROCESSING2\_Edisto,LAYER,-1,-1,\\DHECCHASTN86\data\COMMON\POLICY_AND_PLANNING\Sam_Jessica\BERM DATA &amp; PROCESSING\BERM2017\PROCESSING\2017_PROCESSESING\2017_BEACH_DATA.gdb\BEACH_DATA_PROCESSING2\_Seabrook,LAYER,-1,-1,\\DHECCHASTN86\data\COMMON\POLICY_AND_PLANNING\Sam_Jessica\BERM DATA &amp; PROCESSING\BERM2017\PROCESSING\2017_PROCESSESING\2017_BEACH_DATA.gdb\BEACH_DATA_PROCESSING2\_Kiawah,LAYER,-1,-1,\\DHECCHASTN86\data\COMMON\POLICY_AND_PLANNING\Sam_Jessica\BERM DATA &amp; PROCESSING\BERM2017\PROCESSING\2017_PROCESSESING\2017_BEACH_DATA.gdb\BEACH_DATA_PROCESSING2\_Folly,LAYER,-1,-1,\\DHECCHASTN86\data\COMMON\POLICY_AND_PLANNING\Sam_Jessica\BERM DATA &amp; PROCESSING\BERM2017\PROCESSING\2017_PROCESSESING\2017_BEACH_DATA.gdb\BEACH_DATA_PROCESSING2\_Sullivans,LAYER,-1,-1,\\DHECCHASTN86\data\COMMON\POLICY_AND_PLANNING\Sam_Jessica\BERM DATA &amp; PROCESSING\BERM2017\PROCESSING\2017_PROCESSESING\2017_BEACH_DATA.gdb\BEACH_DATA_PROCESSING2\_Isle_of_Palms,LAYER,-1,-1,\\DHECCHASTN86\data\COMMON\POLICY_AND_PLANNING\Sam_Jessica\BERM DATA &amp; PROCESSING\BERM2017\PROCESSING\2017_PROCESSESING\2017_BEACH_DATA.gdb\BEACH_DATA_PROCESSING2\_Dewees,LAYER,-1,-1,\\DHECCHASTN86\data\COMMON\POLICY_AND_PLANNING\Sam_Jessica\BERM DATA &amp; PROCESSING\BERM2017\PROCESSING\2017_PROCESSESING\2017_BEACH_DATA.gdb\BEACH_DATA_PROCESSING2\_Pawleys_Island,LAYER,-1,-1,\\DHECCHASTN86\data\COMMON\POLICY_AND_PLANNING\Sam_Jessica\BERM DATA &amp; PROCESSING\BERM2017\PROCESSING\2017_PROCESSESING\2017_BEACH_DATA.gdb\BEACH_DATA_PROCESSING2\_Briarcliffe_Acres,LAYER,-1,-1,\\DHECCHASTN86\data\COMMON\POLICY_AND_PLANNING\Sam_Jessica\BERM DATA &amp; PROCESSING\BERM2017\PROCESSING\2017_PROCESSESING\2017_BEACH_DATA.gdb\BEACH_DATA_PROCESSING2\_Daufuskie,LAYER,-1,-1,\\DHECCHASTN86\data\COMMON\POLICY_AND_PLANNING\Sam_Jessica\BERM DATA &amp; PROCESSING\BERM2017\PROCESSING\2017_PROCESSESING\2017_BEACH_DATA.gdb\BEACH_DATA_PROCESSING2\_Debordieu,LAYER,-1,-1,\\DHECCHASTN86\data\COMMON\POLICY_AND_PLANNING\Sam_Jessica\BERM DATA &amp; PROCESSING\BERM2017\PROCESSING\2017_PROCESSESING\2017_BEACH_DATA.gdb\BEACH_DATA_PROCESSING2\_Garden_City,LAYER,-1,-1,\\DHECCHASTN86\data\COMMON\POLICY_AND_PLANNING\Sam_Jessica\BERM DATA &amp; PROCESSING\BERM2017\PROCESSING\2017_PROCESSESING\2017_BEACH_DATA.gdb\BEACH_DATA_PROCESSING2\_North_Myrtle_Beach,LAYER,-1,-1,\\DHECCHASTN86\data\COMMON\POLICY_AND_PLANNING\Sam_Jessica\BERM DATA &amp; PROCESSING\BERM2017\PROCESSING\2017_PROCESSESING\2017_BEACH_DATA.gdb\BEACH_DATA_PROCESSING2\_Myrtle_Beach,LAYER,-1,-1,\\DHECCHASTN86\data\COMMON\POLICY_AND_PLANNING\Sam_Jessica\BERM DATA &amp; PROCESSING\BERM2017\PROCESSING\2017_PROCESSESING\2017_BEACH_DATA.gdb\BEACH_DATA_PROCESSING2\_Hunting,LAYER,-1,-1,\\DHECCHASTN86\data\COMMON\POLICY_AND_PLANNING\Sam_Jessica\BERM DATA &amp; PROCESSING\BERM2017\PROCESSING\2017_PROCESSESING\2017_BEACH_DATA.gdb\BEACH_DATA_PROCESSING2\_Huntington,LAYER,-1,-1,\\DHECCHASTN86\data\COMMON\POLICY_AND_PLANNING\Sam_Jessica\BERM DATA &amp; PROCESSING\BERM2017\PROCESSING\2017_PROCESSESING\2017_BEACH_DATA.gdb\BEACH_DATA_PROCESSING2\_Litchfield,LAYER,-1,-1,\\DHECCHASTN86\data\COMMON\POLICY_AND_PLANNING\Sam_Jessica\BERM DATA &amp; PROCESSING\BERM2017\PROCESSING\2017_PROCESSESING\2017_BEACH_DATA.gdb\BEACH_DATA_PROCESSING2\_Surfisde,LAYER,-1,-1,\\DHECCHASTN86\data\COMMON\POLICY_AND_PLANNING\Sam_Jessica\BERM DATA &amp; PROCESSING\BERM2017\PROCESSING\2017_PROCESSESING\2017_BEACH_DATA.gdb\BEACH_DATA_PROCESSING2\_Waties_Island,LAYER,-1,-1;GM_TYPE "GM_TYPE" true true false 21 Text 0 0 ,First,#,\\DHECCHASTN86\data\COMMON\POLICY_AND_PLANNING\Sam_Jessica\BERM DATA &amp; PROCESSING\BERM2017\PROCESSING\2017_PROCESSESING\2017_BEACH_DATA.gdb\BEACH_DATA_PROCESSING2\_Hilton_Head,GM_TYPE,-1,-1,\\DHECCHASTN86\data\COMMON\POLICY_AND_PLANNING\Sam_Jessica\BERM DATA &amp; PROCESSING\BERM2017\PROCESSING\2017_PROCESSESING\2017_BEACH_DATA.gdb\BEACH_DATA_PROCESSING2\_Fripp,GM_TYPE,-1,-1,\\DHECCHASTN86\data\COMMON\POLICY_AND_PLANNING\Sam_Jessica\BERM DATA &amp; PROCESSING\BERM2017\PROCESSING\2017_PROCESSESING\2017_BEACH_DATA.gdb\BEACH_DATA_PROCESSING2\_Harbor,GM_TYPE,-1,-1,\\DHECCHASTN86\data\COMMON\POLICY_AND_PLANNING\Sam_Jessica\BERM DATA &amp; PROCESSING\BERM2017\PROCESSING\2017_PROCESSESING\2017_BEACH_DATA.gdb\BEACH_DATA_PROCESSING2\_Edisto,GM_TYPE,-1,-1,\\DHECCHASTN86\data\COMMON\POLICY_AND_PLANNING\Sam_Jessica\BERM DATA &amp; PROCESSING\BERM2017\PROCESSING\2017_PROCESSESING\2017_BEACH_DATA.gdb\BEACH_DATA_PROCESSING2\_Seabrook,GM_TYPE,-1,-1,\\DHECCHASTN86\data\COMMON\POLICY_AND_PLANNING\Sam_Jessica\BERM DATA &amp; PROCESSING\BERM2017\PROCESSING\2017_PROCESSESING\2017_BEACH_DATA.gdb\BEACH_DATA_PROCESSING2\_Kiawah,GM_TYPE,-1,-1,\\DHECCHASTN86\data\COMMON\POLICY_AND_PLANNING\Sam_Jessica\BERM DATA &amp; PROCESSING\BERM2017\PROCESSING\2017_PROCESSESING\2017_BEACH_DATA.gdb\BEACH_DATA_PROCESSING2\_Folly,GM_TYPE,-1,-1,\\DHECCHASTN86\data\COMMON\POLICY_AND_PLANNING\Sam_Jessica\BERM DATA &amp; PROCESSING\BERM2017\PROCESSING\2017_PROCESSESING\2017_BEACH_DATA.gdb\BEACH_DATA_PROCESSING2\_Sullivans,GM_TYPE,-1,-1,\\DHECCHASTN86\data\COMMON\POLICY_AND_PLANNING\Sam_Jessica\BERM DATA &amp; PROCESSING\BERM2017\PROCESSING\2017_PROCESSESING\2017_BEACH_DATA.gdb\BEACH_DATA_PROCESSING2\_Isle_of_Palms,GM_TYPE,-1,-1,\\DHECCHASTN86\data\COMMON\POLICY_AND_PLANNING\Sam_Jessica\BERM DATA &amp; PROCESSING\BERM2017\PROCESSING\2017_PROCESSESING\2017_BEACH_DATA.gdb\BEACH_DATA_PROCESSING2\_Dewees,GM_TYPE,-1,-1,\\DHECCHASTN86\data\COMMON\POLICY_AND_PLANNING\Sam_Jessica\BERM DATA &amp; PROCESSING\BERM2017\PROCESSING\2017_PROCESSESING\2017_BEACH_DATA.gdb\BEACH_DATA_PROCESSING2\_Pawleys_Island,GM_TYPE,-1,-1,\\DHECCHASTN86\data\COMMON\POLICY_AND_PLANNING\Sam_Jessica\BERM DATA &amp; PROCESSING\BERM2017\PROCESSING\2017_PROCESSESING\2017_BEACH_DATA.gdb\BEACH_DATA_PROCESSING2\_Briarcliffe_Acres,GM_TYPE,-1,-1,\\DHECCHASTN86\data\COMMON\POLICY_AND_PLANNING\Sam_Jessica\BERM DATA &amp; PROCESSING\BERM2017\PROCESSING\2017_PROCESSESING\2017_BEACH_DATA.gdb\BEACH_DATA_PROCESSING2\_Daufuskie,GM_TYPE,-1,-1,\\DHECCHASTN86\data\COMMON\POLICY_AND_PLANNING\Sam_Jessica\BERM DATA &amp; PROCESSING\BERM2017\PROCESSING\2017_PROCESSESING\2017_BEACH_DATA.gdb\BEACH_DATA_PROCESSING2\_Debordieu,GM_TYPE,-1,-1,\\DHECCHASTN86\data\COMMON\POLICY_AND_PLANNING\Sam_Jessica\BERM DATA &amp; PROCESSING\BERM2017\PROCESSING\2017_PROCESSESING\2017_BEACH_DATA.gdb\BEACH_DATA_PROCESSING2\_Garden_City,GM_TYPE,-1,-1,\\DHECCHASTN86\data\COMMON\POLICY_AND_PLANNING\Sam_Jessica\BERM DATA &amp; PROCESSING\BERM2017\PROCESSING\2017_PROCESSESING\2017_BEACH_DATA.gdb\BEACH_DATA_PROCESSING2\_North_Myrtle_Beach,GM_TYPE,-1,-1,\\DHECCHASTN86\data\COMMON\POLICY_AND_PLANNING\Sam_Jessica\BERM DATA &amp; PROCESSING\BERM2017\PROCESSING\2017_PROCESSESING\2017_BEACH_DATA.gdb\BEACH_DATA_PROCESSING2\_Myrtle_Beach,GM_TYPE,-1,-1,\\DHECCHASTN86\data\COMMON\POLICY_AND_PLANNING\Sam_Jessica\BERM DATA &amp; PROCESSING\BERM2017\PROCESSING\2017_PROCESSESING\2017_BEACH_DATA.gdb\BEACH_DATA_PROCESSING2\_Hunting,GM_TYPE,-1,-1,\\DHECCHASTN86\data\COMMON\POLICY_AND_PLANNING\Sam_Jessica\BERM DATA &amp; PROCESSING\BERM2017\PROCESSING\2017_PROCESSESING\2017_BEACH_DATA.gdb\BEACH_DATA_PROCESSING2\_Huntington,GM_TYPE,-1,-1,\\DHECCHASTN86\data\COMMON\POLICY_AND_PLANNING\Sam_Jessica\BERM DATA &amp; PROCESSING\BERM2017\PROCESSING\2017_PROCESSESING\2017_BEACH_DATA.gdb\BEACH_DATA_PROCESSING2\_Litchfield,GM_TYPE,-1,-1,\\DHECCHASTN86\data\COMMON\POLICY_AND_PLANNING\Sam_Jessica\BERM DATA &amp; PROCESSING\BERM2017\PROCESSING\2017_PROCESSESING\2017_BEACH_DATA.gdb\BEACH_DATA_PROCESSING2\_Surfisde,GM_TYPE,-1,-1,\\DHECCHASTN86\data\COMMON\POLICY_AND_PLANNING\Sam_Jessica\BERM DATA &amp; PROCESSING\BERM2017\PROCESSING\2017_PROCESSESING\2017_BEACH_DATA.gdb\BEACH_DATA_PROCESSING2\_Waties_Island,GM_TYPE,-1,-1;LOCATION "LOCATION" true true false 254 Text 0 0 ,First,#,\\DHECCHASTN86\data\COMMON\POLICY_AND_PLANNING\Sam_Jessica\BERM DATA &amp; PROCESSING\BERM2017\PROCESSING\2017_PROCESSESING\2017_BEACH_DATA.gdb\BEACH_DATA_PROCESSING2\_Hilton_Head,LOCATION,-1,-1,\\DHECCHASTN86\data\COMMON\POLICY_AND_PLANNING\Sam_Jessica\BERM DATA &amp; PROCESSING\BERM2017\PROCESSING\2017_PROCESSESING\2017_BEACH_DATA.gdb\BEACH_DATA_PROCESSING2\_Fripp,LOCATION,-1,-1,\\DHECCHASTN86\data\COMMON\POLICY_AND_PLANNING\Sam_Jessica\BERM DATA &amp; PROCESSING\BERM2017\PROCESSING\2017_PROCESSESING\2017_BEACH_DATA.gdb\BEACH_DATA_PROCESSING2\_Harbor,LOCATION,-1,-1,\\DHECCHASTN86\data\COMMON\POLICY_AND_PLANNING\Sam_Jessica\BERM DATA &amp; PROCESSING\BERM2017\PROCESSING\2017_PROCESSESING\2017_BEACH_DATA.gdb\BEACH_DATA_PROCESSING2\_Edisto,LOCATION,-1,-1,\\DHECCHASTN86\data\COMMON\POLICY_AND_PLANNING\Sam_Jessica\BERM DATA &amp; PROCESSING\BERM2017\PROCESSING\2017_PROCESSESING\2017_BEACH_DATA.gdb\BEACH_DATA_PROCESSING2\_Seabrook,LOCATION,-1,-1,\\DHECCHASTN86\data\COMMON\POLICY_AND_PLANNING\Sam_Jessica\BERM DATA &amp; PROCESSING\BERM2017\PROCESSING\2017_PROCESSESING\2017_BEACH_DATA.gdb\BEACH_DATA_PROCESSING2\_Kiawah,LOCATION,-1,-1,\\DHECCHASTN86\data\COMMON\POLICY_AND_PLANNING\Sam_Jessica\BERM DATA &amp; PROCESSING\BERM2017\PROCESSING\2017_PROCESSESING\2017_BEACH_DATA.gdb\BEACH_DATA_PROCESSING2\_Folly,LOCATION,-1,-1,\\DHECCHASTN86\data\COMMON\POLICY_AND_PLANNING\Sam_Jessica\BERM DATA &amp; PROCESSING\BERM2017\PROCESSING\2017_PROCESSESING\2017_BEACH_DATA.gdb\BEACH_DATA_PROCESSING2\_Sullivans,LOCATION,-1,-1,\\DHECCHASTN86\data\COMMON\POLICY_AND_PLANNING\Sam_Jessica\BERM DATA &amp; PROCESSING\BERM2017\PROCESSING\2017_PROCESSESING\2017_BEACH_DATA.gdb\BEACH_DATA_PROCESSING2\_Isle_of_Palms,LOCATION,-1,-1,\\DHECCHASTN86\data\COMMON\POLICY_AND_PLANNING\Sam_Jessica\BERM DATA &amp; PROCESSING\BERM2017\PROCESSING\2017_PROCESSESING\2017_BEACH_DATA.gdb\BEACH_DATA_PROCESSING2\_Dewees,LOCATION,-1,-1,\\DHECCHASTN86\data\COMMON\POLICY_AND_PLANNING\Sam_Jessica\BERM DATA &amp; PROCESSING\BERM2017\PROCESSING\2017_PROCESSESING\2017_BEACH_DATA.gdb\BEACH_DATA_PROCESSING2\_Pawleys_Island,LOCATION,-1,-1,\\DHECCHASTN86\data\COMMON\POLICY_AND_PLANNING\Sam_Jessica\BERM DATA &amp; PROCESSING\BERM2017\PROCESSING\2017_PROCESSESING\2017_BEACH_DATA.gdb\BEACH_DATA_PROCESSING2\_Briarcliffe_Acres,LOCATION,-1,-1,\\DHECCHASTN86\data\COMMON\POLICY_AND_PLANNING\Sam_Jessica\BERM DATA &amp; PROCESSING\BERM2017\PROCESSING\2017_PROCESSESING\2017_BEACH_DATA.gdb\BEACH_DATA_PROCESSING2\_Daufuskie,LOCATION,-1,-1,\\DHECCHASTN86\data\COMMON\POLICY_AND_PLANNING\Sam_Jessica\BERM DATA &amp; PROCESSING\BERM2017\PROCESSING\2017_PROCESSESING\2017_BEACH_DATA.gdb\BEACH_DATA_PROCESSING2\_Debordieu,LOCATION,-1,-1,\\DHECCHASTN86\data\COMMON\POLICY_AND_PLANNING\Sam_Jessica\BERM DATA &amp; PROCESSING\BERM2017\PROCESSING\2017_PROCESSESING\2017_BEACH_DATA.gdb\BEACH_DATA_PROCESSING2\_Garden_City,LOCATION,-1,-1,\\DHECCHASTN86\data\COMMON\POLICY_AND_PLANNING\Sam_Jessica\BERM DATA &amp; PROCESSING\BERM2017\PROCESSING\2017_PROCESSESING\2017_BEACH_DATA.gdb\BEACH_DATA_PROCESSING2\_North_Myrtle_Beach,LOCATION,-1,-1,\\DHECCHASTN86\data\COMMON\POLICY_AND_PLANNING\Sam_Jessica\BERM DATA &amp; PROCESSING\BERM2017\PROCESSING\2017_PROCESSESING\2017_BEACH_DATA.gdb\BEACH_DATA_PROCESSING2\_Myrtle_Beach,LOCATION,-1,-1,\\DHECCHASTN86\data\COMMON\POLICY_AND_PLANNING\Sam_Jessica\BERM DATA &amp; PROCESSING\BERM2017\PROCESSING\2017_PROCESSESING\2017_BEACH_DATA.gdb\BEACH_DATA_PROCESSING2\_Hunting,LOCATION,-1,-1,\\DHECCHASTN86\data\COMMON\POLICY_AND_PLANNING\Sam_Jessica\BERM DATA &amp; PROCESSING\BERM2017\PROCESSING\2017_PROCESSESING\2017_BEACH_DATA.gdb\BEACH_DATA_PROCESSING2\_Huntington,LOCATION,-1,-1,\\DHECCHASTN86\data\COMMON\POLICY_AND_PLANNING\Sam_Jessica\BERM DATA &amp; PROCESSING\BERM2017\PROCESSING\2017_PROCESSESING\2017_BEACH_DATA.gdb\BEACH_DATA_PROCESSING2\_Litchfield,LOCATION,-1,-1,\\DHECCHASTN86\data\COMMON\POLICY_AND_PLANNING\Sam_Jessica\BERM DATA &amp; PROCESSING\BERM2017\PROCESSING\2017_PROCESSESING\2017_BEACH_DATA.gdb\BEACH_DATA_PROCESSING2\_Surfisde,LOCATION,-1,-1,\\DHECCHASTN86\data\COMMON\POLICY_AND_PLANNING\Sam_Jessica\BERM DATA &amp; PROCESSING\BERM2017\PROCESSING\2017_PROCESSESING\2017_BEACH_DATA.gdb\BEACH_DATA_PROCESSING2\_Waties_Island,LOCATION,-1,-1;MONUMENT "MONUMENT" true true false 254 Text 0 0 ,First,#,\\DHECCHASTN86\data\COMMON\POLICY_AND_PLANNING\Sam_Jessica\BERM DATA &amp; PROCESSING\BERM2017\PROCESSING\2017_PROCESSESING\2017_BEACH_DATA.gdb\BEACH_DATA_PROCESSING2\_Hilton_Head,MONUMENT,-1,-1,\\DHECCHASTN86\data\COMMON\POLICY_AND_PLANNING\Sam_Jessica\BERM DATA &amp; PROCESSING\BERM2017\PROCESSING\2017_PROCESSESING\2017_BEACH_DATA.gdb\BEACH_DATA_PROCESSING2\_Fripp,MONUMENT,-1,-1,\\DHECCHASTN86\data\COMMON\POLICY_AND_PLANNING\Sam_Jessica\BERM DATA &amp; PROCESSING\BERM2017\PROCESSING\2017_PROCESSESING\2017_BEACH_DATA.gdb\BEACH_DATA_PROCESSING2\_Harbor,MONUMENT,-1,-1,\\DHECCHASTN86\data\COMMON\POLICY_AND_PLANNING\Sam_Jessica\BERM DATA &amp; PROCESSING\BERM2017\PROCESSING\2017_PROCESSESING\2017_BEACH_DATA.gdb\BEACH_DATA_PROCESSING2\_Edisto,MONUMENT,-1,-1,\\DHECCHASTN86\data\COMMON\POLICY_AND_PLANNING\Sam_Jessica\BERM DATA &amp; PROCESSING\BERM2017\PROCESSING\2017_PROCESSESING\2017_BEACH_DATA.gdb\BEACH_DATA_PROCESSING2\_Seabrook,MONUMENT,-1,-1,\\DHECCHASTN86\data\COMMON\POLICY_AND_PLANNING\Sam_Jessica\BERM DATA &amp; PROCESSING\BERM2017\PROCESSING\2017_PROCESSESING\2017_BEACH_DATA.gdb\BEACH_DATA_PROCESSING2\_Kiawah,MONUMENT,-1,-1,\\DHECCHASTN86\data\COMMON\POLICY_AND_PLANNING\Sam_Jessica\BERM DATA &amp; PROCESSING\BERM2017\PROCESSING\2017_PROCESSESING\2017_BEACH_DATA.gdb\BEACH_DATA_PROCESSING2\_Folly,MONUMENT,-1,-1,\\DHECCHASTN86\data\COMMON\POLICY_AND_PLANNING\Sam_Jessica\BERM DATA &amp; PROCESSING\BERM2017\PROCESSING\2017_PROCESSESING\2017_BEACH_DATA.gdb\BEACH_DATA_PROCESSING2\_Sullivans,MONUMENT,-1,-1,\\DHECCHASTN86\data\COMMON\POLICY_AND_PLANNING\Sam_Jessica\BERM DATA &amp; PROCESSING\BERM2017\PROCESSING\2017_PROCESSESING\2017_BEACH_DATA.gdb\BEACH_DATA_PROCESSING2\_Isle_of_Palms,MONUMENT,-1,-1,\\DHECCHASTN86\data\COMMON\POLICY_AND_PLANNING\Sam_Jessica\BERM DATA &amp; PROCESSING\BERM2017\PROCESSING\2017_PROCESSESING\2017_BEACH_DATA.gdb\BEACH_DATA_PROCESSING2\_Dewees,MONUMENT,-1,-1,\\DHECCHASTN86\data\COMMON\POLICY_AND_PLANNING\Sam_Jessica\BERM DATA &amp; PROCESSING\BERM2017\PROCESSING\2017_PROCESSESING\2017_BEACH_DATA.gdb\BEACH_DATA_PROCESSING2\_Pawleys_Island,MONUMENT,-1,-1,\\DHECCHASTN86\data\COMMON\POLICY_AND_PLANNING\Sam_Jessica\BERM DATA &amp; PROCESSING\BERM2017\PROCESSING\2017_PROCESSESING\2017_BEACH_DATA.gdb\BEACH_DATA_PROCESSING2\_Briarcliffe_Acres,MONUMENT,-1,-1,\\DHECCHASTN86\data\COMMON\POLICY_AND_PLANNING\Sam_Jessica\BERM DATA &amp; PROCESSING\BERM2017\PROCESSING\2017_PROCESSESING\2017_BEACH_DATA.gdb\BEACH_DATA_PROCESSING2\_Daufuskie,MONUMENT,-1,-1,\\DHECCHASTN86\data\COMMON\POLICY_AND_PLANNING\Sam_Jessica\BERM DATA &amp; PROCESSING\BERM2017\PROCESSING\2017_PROCESSESING\2017_BEACH_DATA.gdb\BEACH_DATA_PROCESSING2\_Debordieu,MONUMENT,-1,-1,\\DHECCHASTN86\data\COMMON\POLICY_AND_PLANNING\Sam_Jessica\BERM DATA &amp; PROCESSING\BERM2017\PROCESSING\2017_PROCESSESING\2017_BEACH_DATA.gdb\BEACH_DATA_PROCESSING2\_Garden_City,MONUMENT,-1,-1,\\DHECCHASTN86\data\COMMON\POLICY_AND_PLANNING\Sam_Jessica\BERM DATA &amp; PROCESSING\BERM2017\PROCESSING\2017_PROCESSESING\2017_BEACH_DATA.gdb\BEACH_DATA_PROCESSING2\_North_Myrtle_Beach,MONUMENT,-1,-1,\\DHECCHASTN86\data\COMMON\POLICY_AND_PLANNING\Sam_Jessica\BERM DATA &amp; PROCESSING\BERM2017\PROCESSING\2017_PROCESSESING\2017_BEACH_DATA.gdb\BEACH_DATA_PROCESSING2\_Myrtle_Beach,MONUMENT,-1,-1,\\DHECCHASTN86\data\COMMON\POLICY_AND_PLANNING\Sam_Jessica\BERM DATA &amp; PROCESSING\BERM2017\PROCESSING\2017_PROCESSESING\2017_BEACH_DATA.gdb\BEACH_DATA_PROCESSING2\_Hunting,MONUMENT,-1,-1,\\DHECCHASTN86\data\COMMON\POLICY_AND_PLANNING\Sam_Jessica\BERM DATA &amp; PROCESSING\BERM2017\PROCESSING\2017_PROCESSESING\2017_BEACH_DATA.gdb\BEACH_DATA_PROCESSING2\_Huntington,MONUMENT,-1,-1,\\DHECCHASTN86\data\COMMON\POLICY_AND_PLANNING\Sam_Jessica\BERM DATA &amp; PROCESSING\BERM2017\PROCESSING\2017_PROCESSESING\2017_BEACH_DATA.gdb\BEACH_DATA_PROCESSING2\_Litchfield,MONUMENT,-1,-1,\\DHECCHASTN86\data\COMMON\POLICY_AND_PLANNING\Sam_Jessica\BERM DATA &amp; PROCESSING\BERM2017\PROCESSING\2017_PROCESSESING\2017_BEACH_DATA.gdb\BEACH_DATA_PROCESSING2\_Surfisde,MONUMENT,-1,-1,\\DHECCHASTN86\data\COMMON\POLICY_AND_PLANNING\Sam_Jessica\BERM DATA &amp; PROCESSING\BERM2017\PROCESSING\2017_PROCESSESING\2017_BEACH_DATA.gdb\BEACH_DATA_PROCESSING2\_Waties_Island,MONUMENT,-1,-1;NORTHING "NORTHING" true true false 8 Double 0 0 ,First,#,\\DHECCHASTN86\data\COMMON\POLICY_AND_PLANNING\Sam_Jessica\BERM DATA &amp; PROCESSING\BERM2017\PROCESSING\2017_PROCESSESING\2017_BEACH_DATA.gdb\BEACH_DATA_PROCESSING2\_Hilton_Head,NORTHING,-1,-1,\\DHECCHASTN86\data\COMMON\POLICY_AND_PLANNING\Sam_Jessica\BERM DATA &amp; PROCESSING\BERM2017\PROCESSING\2017_PROCESSESING\2017_BEACH_DATA.gdb\BEACH_DATA_PROCESSING2\_Fripp,NORTHING,-1,-1,\\DHECCHASTN86\data\COMMON\POLICY_AND_PLANNING\Sam_Jessica\BERM DATA &amp; PROCESSING\BERM2017\PROCESSING\2017_PROCESSESING\2017_BEACH_DATA.gdb\BEACH_DATA_PROCESSING2\_Harbor,NORTHING,-1,-1,\\DHECCHASTN86\data\COMMON\POLICY_AND_PLANNING\Sam_Jessica\BERM DATA &amp; PROCESSING\BERM2017\PROCESSING\2017_PROCESSESING\2017_BEACH_DATA.gdb\BEACH_DATA_PROCESSING2\_Edisto,NORTHING,-1,-1,\\DHECCHASTN86\data\COMMON\POLICY_AND_PLANNING\Sam_Jessica\BERM DATA &amp; PROCESSING\BERM2017\PROCESSING\2017_PROCESSESING\2017_BEACH_DATA.gdb\BEACH_DATA_PROCESSING2\_Seabrook,NORTHING,-1,-1,\\DHECCHASTN86\data\COMMON\POLICY_AND_PLANNING\Sam_Jessica\BERM DATA &amp; PROCESSING\BERM2017\PROCESSING\2017_PROCESSESING\2017_BEACH_DATA.gdb\BEACH_DATA_PROCESSING2\_Kiawah,NORTHING,-1,-1,\\DHECCHASTN86\data\COMMON\POLICY_AND_PLANNING\Sam_Jessica\BERM DATA &amp; PROCESSING\BERM2017\PROCESSING\2017_PROCESSESING\2017_BEACH_DATA.gdb\BEACH_DATA_PROCESSING2\_Folly,NORTHING,-1,-1,\\DHECCHASTN86\data\COMMON\POLICY_AND_PLANNING\Sam_Jessica\BERM DATA &amp; PROCESSING\BERM2017\PROCESSING\2017_PROCESSESING\2017_BEACH_DATA.gdb\BEACH_DATA_PROCESSING2\_Sullivans,NORTHING,-1,-1,\\DHECCHASTN86\data\COMMON\POLICY_AND_PLANNING\Sam_Jessica\BERM DATA &amp; PROCESSING\BERM2017\PROCESSING\2017_PROCESSESING\2017_BEACH_DATA.gdb\BEACH_DATA_PROCESSING2\_Isle_of_Palms,NORTHING,-1,-1,\\DHECCHASTN86\data\COMMON\POLICY_AND_PLANNING\Sam_Jessica\BERM DATA &amp; PROCESSING\BERM2017\PROCESSING\2017_PROCESSESING\2017_BEACH_DATA.gdb\BEACH_DATA_PROCESSING2\_Dewees,NORTHING,-1,-1,\\DHECCHASTN86\data\COMMON\POLICY_AND_PLANNING\Sam_Jessica\BERM DATA &amp; PROCESSING\BERM2017\PROCESSING\2017_PROCESSESING\2017_BEACH_DATA.gdb\BEACH_DATA_PROCESSING2\_Pawleys_Island,NORTHING,-1,-1,\\DHECCHASTN86\data\COMMON\POLICY_AND_PLANNING\Sam_Jessica\BERM DATA &amp; PROCESSING\BERM2017\PROCESSING\2017_PROCESSESING\2017_BEACH_DATA.gdb\BEACH_DATA_PROCESSING2\_Briarcliffe_Acres,NORTHING,-1,-1,\\DHECCHASTN86\data\COMMON\POLICY_AND_PLANNING\Sam_Jessica\BERM DATA &amp; PROCESSING\BERM2017\PROCESSING\2017_PROCESSESING\2017_BEACH_DATA.gdb\BEACH_DATA_PROCESSING2\_Daufuskie,NORTHING,-1,-1,\\DHECCHASTN86\data\COMMON\POLICY_AND_PLANNING\Sam_Jessica\BERM DATA &amp; PROCESSING\BERM2017\PROCESSING\2017_PROCESSESING\2017_BEACH_DATA.gdb\BEACH_DATA_PROCESSING2\_Debordieu,NORTHING,-1,-1,\\DHECCHASTN86\data\COMMON\POLICY_AND_PLANNING\Sam_Jessica\BERM DATA &amp; PROCESSING\BERM2017\PROCESSING\2017_PROCESSESING\2017_BEACH_DATA.gdb\BEACH_DATA_PROCESSING2\_Garden_City,NORTHING,-1,-1,\\DHECCHASTN86\data\COMMON\POLICY_AND_PLANNING\Sam_Jessica\BERM DATA &amp; PROCESSING\BERM2017\PROCESSING\2017_PROCESSESING\2017_BEACH_DATA.gdb\BEACH_DATA_PROCESSING2\_North_Myrtle_Beach,NORTHING,-1,-1,\\DHECCHASTN86\data\COMMON\POLICY_AND_PLANNING\Sam_Jessica\BERM DATA &amp; PROCESSING\BERM2017\PROCESSING\2017_PROCESSESING\2017_BEACH_DATA.gdb\BEACH_DATA_PROCESSING2\_Myrtle_Beach,NORTHING,-1,-1,\\DHECCHASTN86\data\COMMON\POLICY_AND_PLANNING\Sam_Jessica\BERM DATA &amp; PROCESSING\BERM2017\PROCESSING\2017_PROCESSESING\2017_BEACH_DATA.gdb\BEACH_DATA_PROCESSING2\_Hunting,NORTHING,-1,-1,\\DHECCHASTN86\data\COMMON\POLICY_AND_PLANNING\Sam_Jessica\BERM DATA &amp; PROCESSING\BERM2017\PROCESSING\2017_PROCESSESING\2017_BEACH_DATA.gdb\BEACH_DATA_PROCESSING2\_Huntington,NORTHING,-1,-1,\\DHECCHASTN86\data\COMMON\POLICY_AND_PLANNING\Sam_Jessica\BERM DATA &amp; PROCESSING\BERM2017\PROCESSING\2017_PROCESSESING\2017_BEACH_DATA.gdb\BEACH_DATA_PROCESSING2\_Litchfield,NORTHING,-1,-1,\\DHECCHASTN86\data\COMMON\POLICY_AND_PLANNING\Sam_Jessica\BERM DATA &amp; PROCESSING\BERM2017\PROCESSING\2017_PROCESSESING\2017_BEACH_DATA.gdb\BEACH_DATA_PROCESSING2\_Surfisde,NORTHING,-1,-1,\\DHECCHASTN86\data\COMMON\POLICY_AND_PLANNING\Sam_Jessica\BERM DATA &amp; PROCESSING\BERM2017\PROCESSING\2017_PROCESSESING\2017_BEACH_DATA.gdb\BEACH_DATA_PROCESSING2\_Waties_Island,NORTHING,-1,-1;EASTING "EASTING" true true false 8 Double 0 0 ,First,#,\\DHECCHASTN86\data\COMMON\POLICY_AND_PLANNING\Sam_Jessica\BERM DATA &amp; PROCESSING\BERM2017\PROCESSING\2017_PROCESSESING\2017_BEACH_DATA.gdb\BEACH_DATA_PROCESSING2\_Hilton_Head,EASTING,-1,-1,\\DHECCHASTN86\data\COMMON\POLICY_AND_PLANNING\Sam_Jessica\BERM DATA &amp; PROCESSING\BERM2017\PROCESSING\2017_PROCESSESING\2017_BEACH_DATA.gdb\BEACH_DATA_PROCESSING2\_Fripp,EASTING,-1,-1,\\DHECCHASTN86\data\COMMON\POLICY_AND_PLANNING\Sam_Jessica\BERM DATA &amp; PROCESSING\BERM2017\PROCESSING\2017_PROCESSESING\2017_BEACH_DATA.gdb\BEACH_DATA_PROCESSING2\_Harbor,EASTING,-1,-1,\\DHECCHASTN86\data\COMMON\POLICY_AND_PLANNING\Sam_Jessica\BERM DATA &amp; PROCESSING\BERM2017\PROCESSING\2017_PROCESSESING\2017_BEACH_DATA.gdb\BEACH_DATA_PROCESSING2\_Edisto,EASTING,-1,-1,\\DHECCHASTN86\data\COMMON\POLICY_AND_PLANNING\Sam_Jessica\BERM DATA &amp; PROCESSING\BERM2017\PROCESSING\2017_PROCESSESING\2017_BEACH_DATA.gdb\BEACH_DATA_PROCESSING2\_Seabrook,EASTING,-1,-1,\\DHECCHASTN86\data\COMMON\POLICY_AND_PLANNING\Sam_Jessica\BERM DATA &amp; PROCESSING\BERM2017\PROCESSING\2017_PROCESSESING\2017_BEACH_DATA.gdb\BEACH_DATA_PROCESSING2\_Kiawah,EASTING,-1,-1,\\DHECCHASTN86\data\COMMON\POLICY_AND_PLANNING\Sam_Jessica\BERM DATA &amp; PROCESSING\BERM2017\PROCESSING\2017_PROCESSESING\2017_BEACH_DATA.gdb\BEACH_DATA_PROCESSING2\_Folly,EASTING,-1,-1,\\DHECCHASTN86\data\COMMON\POLICY_AND_PLANNING\Sam_Jessica\BERM DATA &amp; PROCESSING\BERM2017\PROCESSING\2017_PROCESSESING\2017_BEACH_DATA.gdb\BEACH_DATA_PROCESSING2\_Sullivans,EASTING,-1,-1,\\DHECCHASTN86\data\COMMON\POLICY_AND_PLANNING\Sam_Jessica\BERM DATA &amp; PROCESSING\BERM2017\PROCESSING\2017_PROCESSESING\2017_BEACH_DATA.gdb\BEACH_DATA_PROCESSING2\_Isle_of_Palms,EASTING,-1,-1,\\DHECCHASTN86\data\COMMON\POLICY_AND_PLANNING\Sam_Jessica\BERM DATA &amp; PROCESSING\BERM2017\PROCESSING\2017_PROCESSESING\2017_BEACH_DATA.gdb\BEACH_DATA_PROCESSING2\_Dewees,EASTING,-1,-1,\\DHECCHASTN86\data\COMMON\POLICY_AND_PLANNING\Sam_Jessica\BERM DATA &amp; PROCESSING\BERM2017\PROCESSING\2017_PROCESSESING\2017_BEACH_DATA.gdb\BEACH_DATA_PROCESSING2\_Pawleys_Island,EASTING,-1,-1,\\DHECCHASTN86\data\COMMON\POLICY_AND_PLANNING\Sam_Jessica\BERM DATA &amp; PROCESSING\BERM2017\PROCESSING\2017_PROCESSESING\2017_BEACH_DATA.gdb\BEACH_DATA_PROCESSING2\_Briarcliffe_Acres,EASTING,-1,-1,\\DHECCHASTN86\data\COMMON\POLICY_AND_PLANNING\Sam_Jessica\BERM DATA &amp; PROCESSING\BERM2017\PROCESSING\2017_PROCESSESING\2017_BEACH_DATA.gdb\BEACH_DATA_PROCESSING2\_Daufuskie,EASTING,-1,-1,\\DHECCHASTN86\data\COMMON\POLICY_AND_PLANNING\Sam_Jessica\BERM DATA &amp; PROCESSING\BERM2017\PROCESSING\2017_PROCESSESING\2017_BEACH_DATA.gdb\BEACH_DATA_PROCESSING2\_Debordieu,EASTING,-1,-1,\\DHECCHASTN86\data\COMMON\POLICY_AND_PLANNING\Sam_Jessica\BERM DATA &amp; PROCESSING\BERM2017\PROCESSING\2017_PROCESSESING\2017_BEACH_DATA.gdb\BEACH_DATA_PROCESSING2\_Garden_City,EASTING,-1,-1,\\DHECCHASTN86\data\COMMON\POLICY_AND_PLANNING\Sam_Jessica\BERM DATA &amp; PROCESSING\BERM2017\PROCESSING\2017_PROCESSESING\2017_BEACH_DATA.gdb\BEACH_DATA_PROCESSING2\_North_Myrtle_Beach,EASTING,-1,-1,\\DHECCHASTN86\data\COMMON\POLICY_AND_PLANNING\Sam_Jessica\BERM DATA &amp; PROCESSING\BERM2017\PROCESSING\2017_PROCESSESING\2017_BEACH_DATA.gdb\BEACH_DATA_PROCESSING2\_Myrtle_Beach,EASTING,-1,-1,\\DHECCHASTN86\data\COMMON\POLICY_AND_PLANNING\Sam_Jessica\BERM DATA &amp; PROCESSING\BERM2017\PROCESSING\2017_PROCESSESING\2017_BEACH_DATA.gdb\BEACH_DATA_PROCESSING2\_Hunting,EASTING,-1,-1,\\DHECCHASTN86\data\COMMON\POLICY_AND_PLANNING\Sam_Jessica\BERM DATA &amp; PROCESSING\BERM2017\PROCESSING\2017_PROCESSESING\2017_BEACH_DATA.gdb\BEACH_DATA_PROCESSING2\_Huntington,EASTING,-1,-1,\\DHECCHASTN86\data\COMMON\POLICY_AND_PLANNING\Sam_Jessica\BERM DATA &amp; PROCESSING\BERM2017\PROCESSING\2017_PROCESSESING\2017_BEACH_DATA.gdb\BEACH_DATA_PROCESSING2\_Litchfield,EASTING,-1,-1,\\DHECCHASTN86\data\COMMON\POLICY_AND_PLANNING\Sam_Jessica\BERM DATA &amp; PROCESSING\BERM2017\PROCESSING\2017_PROCESSESING\2017_BEACH_DATA.gdb\BEACH_DATA_PROCESSING2\_Surfisde,EASTING,-1,-1,\\DHECCHASTN86\data\COMMON\POLICY_AND_PLANNING\Sam_Jessica\BERM DATA &amp; PROCESSING\BERM2017\PROCESSING\2017_PROCESSESING\2017_BEACH_DATA.gdb\BEACH_DATA_PROCESSING2\_Waties_Island,EASTING,-1,-1;ELEVATION "ELEVATION" true true false 8 Double 0 0 ,First,#,\\DHECCHASTN86\data\COMMON\POLICY_AND_PLANNING\Sam_Jessica\BERM DATA &amp; PROCESSING\BERM2017\PROCESSING\2017_PROCESSESING\2017_BEACH_DATA.gdb\BEACH_DATA_PROCESSING2\_Hilton_Head,ELEVATION,-1,-1,\\DHECCHASTN86\data\COMMON\POLICY_AND_PLANNING\Sam_Jessica\BERM DATA &amp; PROCESSING\BERM2017\PROCESSING\2017_PROCESSESING\2017_BEACH_DATA.gdb\BEACH_DATA_PROCESSING2\_Fripp,ELEVATION,-1,-1,\\DHECCHASTN86\data\COMMON\POLICY_AND_PLANNING\Sam_Jessica\BERM DATA &amp; PROCESSING\BERM2017\PROCESSING\2017_PROCESSESING\2017_BEACH_DATA.gdb\BEACH_DATA_PROCESSING2\_Harbor,ELEVATION,-1,-1,\\DHECCHASTN86\data\COMMON\POLICY_AND_PLANNING\Sam_Jessica\BERM DATA &amp; PROCESSING\BERM2017\PROCESSING\2017_PROCESSESING\2017_BEACH_DATA.gdb\BEACH_DATA_PROCESSING2\_Edisto,ELEVATION,-1,-1,\\DHECCHASTN86\data\COMMON\POLICY_AND_PLANNING\Sam_Jessica\BERM DATA &amp; PROCESSING\BERM2017\PROCESSING\2017_PROCESSESING\2017_BEACH_DATA.gdb\BEACH_DATA_PROCESSING2\_Seabrook,ELEVATION,-1,-1,\\DHECCHASTN86\data\COMMON\POLICY_AND_PLANNING\Sam_Jessica\BERM DATA &amp; PROCESSING\BERM2017\PROCESSING\2017_PROCESSESING\2017_BEACH_DATA.gdb\BEACH_DATA_PROCESSING2\_Kiawah,ELEVATION,-1,-1,\\DHECCHASTN86\data\COMMON\POLICY_AND_PLANNING\Sam_Jessica\BERM DATA &amp; PROCESSING\BERM2017\PROCESSING\2017_PROCESSESING\2017_BEACH_DATA.gdb\BEACH_DATA_PROCESSING2\_Folly,ELEVATION,-1,-1,\\DHECCHASTN86\data\COMMON\POLICY_AND_PLANNING\Sam_Jessica\BERM DATA &amp; PROCESSING\BERM2017\PROCESSING\2017_PROCESSESING\2017_BEACH_DATA.gdb\BEACH_DATA_PROCESSING2\_Sullivans,ELEVATION,-1,-1,\\DHECCHASTN86\data\COMMON\POLICY_AND_PLANNING\Sam_Jessica\BERM DATA &amp; PROCESSING\BERM2017\PROCESSING\2017_PROCESSESING\2017_BEACH_DATA.gdb\BEACH_DATA_PROCESSING2\_Isle_of_Palms,ELEVATION,-1,-1,\\DHECCHASTN86\data\COMMON\POLICY_AND_PLANNING\Sam_Jessica\BERM DATA &amp; PROCESSING\BERM2017\PROCESSING\2017_PROCESSESING\2017_BEACH_DATA.gdb\BEACH_DATA_PROCESSING2\_Dewees,ELEVATION,-1,-1,\\DHECCHASTN86\data\COMMON\POLICY_AND_PLANNING\Sam_Jessica\BERM DATA &amp; PROCESSING\BERM2017\PROCESSING\2017_PROCESSESING\2017_BEACH_DATA.gdb\BEACH_DATA_PROCESSING2\_Pawleys_Island,ELEVATION,-1,-1,\\DHECCHASTN86\data\COMMON\POLICY_AND_PLANNING\Sam_Jessica\BERM DATA &amp; PROCESSING\BERM2017\PROCESSING\2017_PROCESSESING\2017_BEACH_DATA.gdb\BEACH_DATA_PROCESSING2\_Briarcliffe_Acres,ELEVATION,-1,-1,\\DHECCHASTN86\data\COMMON\POLICY_AND_PLANNING\Sam_Jessica\BERM DATA &amp; PROCESSING\BERM2017\PROCESSING\2017_PROCESSESING\2017_BEACH_DATA.gdb\BEACH_DATA_PROCESSING2\_Daufuskie,ELEVATION,-1,-1,\\DHECCHASTN86\data\COMMON\POLICY_AND_PLANNING\Sam_Jessica\BERM DATA &amp; PROCESSING\BERM2017\PROCESSING\2017_PROCESSESING\2017_BEACH_DATA.gdb\BEACH_DATA_PROCESSING2\_Debordieu,ELEVATION,-1,-1,\\DHECCHASTN86\data\COMMON\POLICY_AND_PLANNING\Sam_Jessica\BERM DATA &amp; PROCESSING\BERM2017\PROCESSING\2017_PROCESSESING\2017_BEACH_DATA.gdb\BEACH_DATA_PROCESSING2\_Garden_City,ELEVATION,-1,-1,\\DHECCHASTN86\data\COMMON\POLICY_AND_PLANNING\Sam_Jessica\BERM DATA &amp; PROCESSING\BERM2017\PROCESSING\2017_PROCESSESING\2017_BEACH_DATA.gdb\BEACH_DATA_PROCESSING2\_North_Myrtle_Beach,ELEVATION,-1,-1,\\DHECCHASTN86\data\COMMON\POLICY_AND_PLANNING\Sam_Jessica\BERM DATA &amp; PROCESSING\BERM2017\PROCESSING\2017_PROCESSESING\2017_BEACH_DATA.gdb\BEACH_DATA_PROCESSING2\_Myrtle_Beach,ELEVATION,-1,-1,\\DHECCHASTN86\data\COMMON\POLICY_AND_PLANNING\Sam_Jessica\BERM DATA &amp; PROCESSING\BERM2017\PROCESSING\2017_PROCESSESING\2017_BEACH_DATA.gdb\BEACH_DATA_PROCESSING2\_Hunting,ELEVATION,-1,-1,\\DHECCHASTN86\data\COMMON\POLICY_AND_PLANNING\Sam_Jessica\BERM DATA &amp; PROCESSING\BERM2017\PROCESSING\2017_PROCESSESING\2017_BEACH_DATA.gdb\BEACH_DATA_PROCESSING2\_Huntington,ELEVATION,-1,-1,\\DHECCHASTN86\data\COMMON\POLICY_AND_PLANNING\Sam_Jessica\BERM DATA &amp; PROCESSING\BERM2017\PROCESSING\2017_PROCESSESING\2017_BEACH_DATA.gdb\BEACH_DATA_PROCESSING2\_Litchfield,ELEVATION,-1,-1,\\DHECCHASTN86\data\COMMON\POLICY_AND_PLANNING\Sam_Jessica\BERM DATA &amp; PROCESSING\BERM2017\PROCESSING\2017_PROCESSESING\2017_BEACH_DATA.gdb\BEACH_DATA_PROCESSING2\_Surfisde,ELEVATION,-1,-1,\\DHECCHASTN86\data\COMMON\POLICY_AND_PLANNING\Sam_Jessica\BERM DATA &amp; PROCESSING\BERM2017\PROCESSING\2017_PROCESSESING\2017_BEACH_DATA.gdb\BEACH_DATA_PROCESSING2\_Waties_Island,ELEVATION,-1,-1;DBL "DBL" true true false 8 Double 0 0 ,First,#,\\DHECCHASTN86\data\COMMON\POLICY_AND_PLANNING\Sam_Jessica\BERM DATA &amp; PROCESSING\BERM2017\PROCESSING\2017_PROCESSESING\2017_BEACH_DATA.gdb\BEACH_DATA_PROCESSING2\_Hilton_Head,DBL,-1,-1,\\DHECCHASTN86\data\COMMON\POLICY_AND_PLANNING\Sam_Jessica\BERM DATA &amp; PROCESSING\BERM2017\PROCESSING\2017_PROCESSESING\2017_BEACH_DATA.gdb\BEACH_DATA_PROCESSING2\_Fripp,DBL,-1,-1,\\DHECCHASTN86\data\COMMON\POLICY_AND_PLANNING\Sam_Jessica\BERM DATA &amp; PROCESSING\BERM2017\PROCESSING\2017_PROCESSESING\2017_BEACH_DATA.gdb\BEACH_DATA_PROCESSING2\_Harbor,DBL,-1,-1,\\DHECCHASTN86\data\COMMON\POLICY_AND_PLANNING\Sam_Jessica\BERM DATA &amp; PROCESSING\BERM2017\PROCESSING\2017_PROCESSESING\2017_BEACH_DATA.gdb\BEACH_DATA_PROCESSING2\_Edisto,DBL,-1,-1,\\DHECCHASTN86\data\COMMON\POLICY_AND_PLANNING\Sam_Jessica\BERM DATA &amp; PROCESSING\BERM2017\PROCESSING\2017_PROCESSESING\2017_BEACH_DATA.gdb\BEACH_DATA_PROCESSING2\_Seabrook,DBL,-1,-1,\\DHECCHASTN86\data\COMMON\POLICY_AND_PLANNING\Sam_Jessica\BERM DATA &amp; PROCESSING\BERM2017\PROCESSING\2017_PROCESSESING\2017_BEACH_DATA.gdb\BEACH_DATA_PROCESSING2\_Kiawah,DBL,-1,-1,\\DHECCHASTN86\data\COMMON\POLICY_AND_PLANNING\Sam_Jessica\BERM DATA &amp; PROCESSING\BERM2017\PROCESSING\2017_PROCESSESING\2017_BEACH_DATA.gdb\BEACH_DATA_PROCESSING2\_Folly,DBL,-1,-1,\\DHECCHASTN86\data\COMMON\POLICY_AND_PLANNING\Sam_Jessica\BERM DATA &amp; PROCESSING\BERM2017\PROCESSING\2017_PROCESSESING\2017_BEACH_DATA.gdb\BEACH_DATA_PROCESSING2\_Sullivans,DBL,-1,-1,\\DHECCHASTN86\data\COMMON\POLICY_AND_PLANNING\Sam_Jessica\BERM DATA &amp; PROCESSING\BERM2017\PROCESSING\2017_PROCESSESING\2017_BEACH_DATA.gdb\BEACH_DATA_PROCESSING2\_Isle_of_Palms,DBL,-1,-1,\\DHECCHASTN86\data\COMMON\POLICY_AND_PLANNING\Sam_Jessica\BERM DATA &amp; PROCESSING\BERM2017\PROCESSING\2017_PROCESSESING\2017_BEACH_DATA.gdb\BEACH_DATA_PROCESSING2\_Dewees,DBL,-1,-1,\\DHECCHASTN86\data\COMMON\POLICY_AND_PLANNING\Sam_Jessica\BERM DATA &amp; PROCESSING\BERM2017\PROCESSING\2017_PROCESSESING\2017_BEACH_DATA.gdb\BEACH_DATA_PROCESSING2\_Pawleys_Island,DBL,-1,-1,\\DHECCHASTN86\data\COMMON\POLICY_AND_PLANNING\Sam_Jessica\BERM DATA &amp; PROCESSING\BERM2017\PROCESSING\2017_PROCESSESING\2017_BEACH_DATA.gdb\BEACH_DATA_PROCESSING2\_Briarcliffe_Acres,DBL,-1,-1,\\DHECCHASTN86\data\COMMON\POLICY_AND_PLANNING\Sam_Jessica\BERM DATA &amp; PROCESSING\BERM2017\PROCESSING\2017_PROCESSESING\2017_BEACH_DATA.gdb\BEACH_DATA_PROCESSING2\_Daufuskie,DBL,-1,-1,\\DHECCHASTN86\data\COMMON\POLICY_AND_PLANNING\Sam_Jessica\BERM DATA &amp; PROCESSING\BERM2017\PROCESSING\2017_PROCESSESING\2017_BEACH_DATA.gdb\BEACH_DATA_PROCESSING2\_Debordieu,DBL,-1,-1,\\DHECCHASTN86\data\COMMON\POLICY_AND_PLANNING\Sam_Jessica\BERM DATA &amp; PROCESSING\BERM2017\PROCESSING\2017_PROCESSESING\2017_BEACH_DATA.gdb\BEACH_DATA_PROCESSING2\_Garden_City,DBL,-1,-1,\\DHECCHASTN86\data\COMMON\POLICY_AND_PLANNING\Sam_Jessica\BERM DATA &amp; PROCESSING\BERM2017\PROCESSING\2017_PROCESSESING\2017_BEACH_DATA.gdb\BEACH_DATA_PROCESSING2\_North_Myrtle_Beach,DBL,-1,-1,\\DHECCHASTN86\data\COMMON\POLICY_AND_PLANNING\Sam_Jessica\BERM DATA &amp; PROCESSING\BERM2017\PROCESSING\2017_PROCESSESING\2017_BEACH_DATA.gdb\BEACH_DATA_PROCESSING2\_Myrtle_Beach,DBL,-1,-1,\\DHECCHASTN86\data\COMMON\POLICY_AND_PLANNING\Sam_Jessica\BERM DATA &amp; PROCESSING\BERM2017\PROCESSING\2017_PROCESSESING\2017_BEACH_DATA.gdb\BEACH_DATA_PROCESSING2\_Hunting,DBL,-1,-1,\\DHECCHASTN86\data\COMMON\POLICY_AND_PLANNING\Sam_Jessica\BERM DATA &amp; PROCESSING\BERM2017\PROCESSING\2017_PROCESSESING\2017_BEACH_DATA.gdb\BEACH_DATA_PROCESSING2\_Huntington,DBL,-1,-1,\\DHECCHASTN86\data\COMMON\POLICY_AND_PLANNING\Sam_Jessica\BERM DATA &amp; PROCESSING\BERM2017\PROCESSING\2017_PROCESSESING\2017_BEACH_DATA.gdb\BEACH_DATA_PROCESSING2\_Litchfield,DBL,-1,-1,\\DHECCHASTN86\data\COMMON\POLICY_AND_PLANNING\Sam_Jessica\BERM DATA &amp; PROCESSING\BERM2017\PROCESSING\2017_PROCESSESING\2017_BEACH_DATA.gdb\BEACH_DATA_PROCESSING2\_Surfisde,DBL,-1,-1,\\DHECCHASTN86\data\COMMON\POLICY_AND_PLANNING\Sam_Jessica\BERM DATA &amp; PROCESSING\BERM2017\PROCESSING\2017_PROCESSESING\2017_BEACH_DATA.gdb\BEACH_DATA_PROCESSING2\_Waties_Island,DBL,-1,-1;YEAR "YEAR" true true false 4 Long 0 0 ,First,#,\\DHECCHASTN86\data\COMMON\POLICY_AND_PLANNING\Sam_Jessica\BERM DATA &amp; PROCESSING\BERM2017\PROCESSING\2017_PROCESSESING\2017_BEACH_DATA.gdb\BEACH_DATA_PROCESSING2\_Hilton_Head,YEAR,-1,-1,\\DHECCHASTN86\data\COMMON\POLICY_AND_PLANNING\Sam_Jessica\BERM DATA &amp; PROCESSING\BERM2017\PROCESSING\2017_PROCESSESING\2017_BEACH_DATA.gdb\BEACH_DATA_PROCESSING2\_Fripp,YEAR,-1,-1,\\DHECCHASTN86\data\COMMON\POLICY_AND_PLANNING\Sam_Jessica\BERM DATA &amp; PROCESSING\BERM2017\PROCESSING\2017_PROCESSESING\2017_BEACH_DATA.gdb\BEACH_DATA_PROCESSING2\_Harbor,YEAR,-1,-1,\\DHECCHASTN86\data\COMMON\POLICY_AND_PLANNING\Sam_Jessica\BERM DATA &amp; PROCESSING\BERM2017\PROCESSING\2017_PROCESSESING\2017_BEACH_DATA.gdb\BEACH_DATA_PROCESSING2\_Edisto,YEAR,-1,-1,\\DHECCHASTN86\data\COMMON\POLICY_AND_PLANNING\Sam_Jessica\BERM DATA &amp; PROCESSING\BERM2017\PROCESSING\2017_PROCESSESING\2017_BEACH_DATA.gdb\BEACH_DATA_PROCESSING2\_Seabrook,YEAR,-1,-1,\\DHECCHASTN86\data\COMMON\POLICY_AND_PLANNING\Sam_Jessica\BERM DATA &amp; PROCESSING\BERM2017\PROCESSING\2017_PROCESSESING\2017_BEACH_DATA.gdb\BEACH_DATA_PROCESSING2\_Kiawah,YEAR,-1,-1,\\DHECCHASTN86\data\COMMON\POLICY_AND_PLANNING\Sam_Jessica\BERM DATA &amp; PROCESSING\BERM2017\PROCESSING\2017_PROCESSESING\2017_BEACH_DATA.gdb\BEACH_DATA_PROCESSING2\_Folly,YEAR,-1,-1,\\DHECCHASTN86\data\COMMON\POLICY_AND_PLANNING\Sam_Jessica\BERM DATA &amp; PROCESSING\BERM2017\PROCESSING\2017_PROCESSESING\2017_BEACH_DATA.gdb\BEACH_DATA_PROCESSING2\_Sullivans,YEAR,-1,-1,\\DHECCHASTN86\data\COMMON\POLICY_AND_PLANNING\Sam_Jessica\BERM DATA &amp; PROCESSING\BERM2017\PROCESSING\2017_PROCESSESING\2017_BEACH_DATA.gdb\BEACH_DATA_PROCESSING2\_Isle_of_Palms,YEAR,-1,-1,\\DHECCHASTN86\data\COMMON\POLICY_AND_PLANNING\Sam_Jessica\BERM DATA &amp; PROCESSING\BERM2017\PROCESSING\2017_PROCESSESING\2017_BEACH_DATA.gdb\BEACH_DATA_PROCESSING2\_Dewees,YEAR,-1,-1,\\DHECCHASTN86\data\COMMON\POLICY_AND_PLANNING\Sam_Jessica\BERM DATA &amp; PROCESSING\BERM2017\PROCESSING\2017_PROCESSESING\2017_BEACH_DATA.gdb\BEACH_DATA_PROCESSING2\_Pawleys_Island,YEAR,-1,-1,\\DHECCHASTN86\data\COMMON\POLICY_AND_PLANNING\Sam_Jessica\BERM DATA &amp; PROCESSING\BERM2017\PROCESSING\2017_PROCESSESING\2017_BEACH_DATA.gdb\BEACH_DATA_PROCESSING2\_Briarcliffe_Acres,YEAR,-1,-1,\\DHECCHASTN86\data\COMMON\POLICY_AND_PLANNING\Sam_Jessica\BERM DATA &amp; PROCESSING\BERM2017\PROCESSING\2017_PROCESSESING\2017_BEACH_DATA.gdb\BEACH_DATA_PROCESSING2\_Daufuskie,YEAR,-1,-1,\\DHECCHASTN86\data\COMMON\POLICY_AND_PLANNING\Sam_Jessica\BERM DATA &amp; PROCESSING\BERM2017\PROCESSING\2017_PROCESSESING\2017_BEACH_DATA.gdb\BEACH_DATA_PROCESSING2\_Debordieu,YEAR,-1,-1,\\DHECCHASTN86\data\COMMON\POLICY_AND_PLANNING\Sam_Jessica\BERM DATA &amp; PROCESSING\BERM2017\PROCESSING\2017_PROCESSESING\2017_BEACH_DATA.gdb\BEACH_DATA_PROCESSING2\_Garden_City,YEAR,-1,-1,\\DHECCHASTN86\data\COMMON\POLICY_AND_PLANNING\Sam_Jessica\BERM DATA &amp; PROCESSING\BERM2017\PROCESSING\2017_PROCESSESING\2017_BEACH_DATA.gdb\BEACH_DATA_PROCESSING2\_North_Myrtle_Beach,YEAR,-1,-1,\\DHECCHASTN86\data\COMMON\POLICY_AND_PLANNING\Sam_Jessica\BERM DATA &amp; PROCESSING\BERM2017\PROCESSING\2017_PROCESSESING\2017_BEACH_DATA.gdb\BEACH_DATA_PROCESSING2\_Myrtle_Beach,YEAR,-1,-1,\\DHECCHASTN86\data\COMMON\POLICY_AND_PLANNING\Sam_Jessica\BERM DATA &amp; PROCESSING\BERM2017\PROCESSING\2017_PROCESSESING\2017_BEACH_DATA.gdb\BEACH_DATA_PROCESSING2\_Hunting,YEAR,-1,-1,\\DHECCHASTN86\data\COMMON\POLICY_AND_PLANNING\Sam_Jessica\BERM DATA &amp; PROCESSING\BERM2017\PROCESSING\2017_PROCESSESING\2017_BEACH_DATA.gdb\BEACH_DATA_PROCESSING2\_Huntington,YEAR,-1,-1,\\DHECCHASTN86\data\COMMON\POLICY_AND_PLANNING\Sam_Jessica\BERM DATA &amp; PROCESSING\BERM2017\PROCESSING\2017_PROCESSESING\2017_BEACH_DATA.gdb\BEACH_DATA_PROCESSING2\_Litchfield,YEAR,-1,-1,\\DHECCHASTN86\data\COMMON\POLICY_AND_PLANNING\Sam_Jessica\BERM DATA &amp; PROCESSING\BERM2017\PROCESSING\2017_PROCESSESING\2017_BEACH_DATA.gdb\BEACH_DATA_PROCESSING2\_Surfisde,YEAR,-1,-1,\\DHECCHASTN86\data\COMMON\POLICY_AND_PLANNING\Sam_Jessica\BERM DATA &amp; PROCESSING\BERM2017\PROCESSING\2017_PROCESSESING\2017_BEACH_DATA.gdb\BEACH_DATA_PROCESSING2\_Waties_Island,YEAR,-1,-1;DAY "DAY" true true false 4 Long 0 0 ,First,#,\\DHECCHASTN86\data\COMMON\POLICY_AND_PLANNING\Sam_Jessica\BERM DATA &amp; PROCESSING\BERM2017\PROCESSING\2017_PROCESSESING\2017_BEACH_DATA.gdb\BEACH_DATA_PROCESSING2\_Hilton_Head,DAY,-1,-1,\\DHECCHASTN86\data\COMMON\POLICY_AND_PLANNING\Sam_Jessica\BERM DATA &amp; PROCESSING\BERM2017\PROCESSING\2017_PROCESSESING\2017_BEACH_DATA.gdb\BEACH_DATA_PROCESSING2\_Fripp,DAY,-1,-1,\\DHECCHASTN86\data\COMMON\POLICY_AND_PLANNING\Sam_Jessica\BERM DATA &amp; PROCESSING\BERM2017\PROCESSING\2017_PROCESSESING\2017_BEACH_DATA.gdb\BEACH_DATA_PROCESSING2\_Harbor,DAY,-1,-1,\\DHECCHASTN86\data\COMMON\POLICY_AND_PLANNING\Sam_Jessica\BERM DATA &amp; PROCESSING\BERM2017\PROCESSING\2017_PROCESSESING\2017_BEACH_DATA.gdb\BEACH_DATA_PROCESSING2\_Edisto,DAY,-1,-1,\\DHECCHASTN86\data\COMMON\POLICY_AND_PLANNING\Sam_Jessica\BERM DATA &amp; PROCESSING\BERM2017\PROCESSING\2017_PROCESSESING\2017_BEACH_DATA.gdb\BEACH_DATA_PROCESSING2\_Seabrook,DAY,-1,-1,\\DHECCHASTN86\data\COMMON\POLICY_AND_PLANNING\Sam_Jessica\BERM DATA &amp; PROCESSING\BERM2017\PROCESSING\2017_PROCESSESING\2017_BEACH_DATA.gdb\BEACH_DATA_PROCESSING2\_Kiawah,DAY,-1,-1,\\DHECCHASTN86\data\COMMON\POLICY_AND_PLANNING\Sam_Jessica\BERM DATA &amp; PROCESSING\BERM2017\PROCESSING\2017_PROCESSESING\2017_BEACH_DATA.gdb\BEACH_DATA_PROCESSING2\_Folly,DAY,-1,-1,\\DHECCHASTN86\data\COMMON\POLICY_AND_PLANNING\Sam_Jessica\BERM DATA &amp; PROCESSING\BERM2017\PROCESSING\2017_PROCESSESING\2017_BEACH_DATA.gdb\BEACH_DATA_PROCESSING2\_Sullivans,DAY,-1,-1,\\DHECCHASTN86\data\COMMON\POLICY_AND_PLANNING\Sam_Jessica\BERM DATA &amp; PROCESSING\BERM2017\PROCESSING\2017_PROCESSESING\2017_BEACH_DATA.gdb\BEACH_DATA_PROCESSING2\_Isle_of_Palms,DAY,-1,-1,\\DHECCHASTN86\data\COMMON\POLICY_AND_PLANNING\Sam_Jessica\BERM DATA &amp; PROCESSING\BERM2017\PROCESSING\2017_PROCESSESING\2017_BEACH_DATA.gdb\BEACH_DATA_PROCESSING2\_Dewees,DAY,-1,-1,\\DHECCHASTN86\data\COMMON\POLICY_AND_PLANNING\Sam_Jessica\BERM DATA &amp; PROCESSING\BERM2017\PROCESSING\2017_PROCESSESING\2017_BEACH_DATA.gdb\BEACH_DATA_PROCESSING2\_Pawleys_Island,DAY,-1,-1,\\DHECCHASTN86\data\COMMON\POLICY_AND_PLANNING\Sam_Jessica\BERM DATA &amp; PROCESSING\BERM2017\PROCESSING\2017_PROCESSESING\2017_BEACH_DATA.gdb\BEACH_DATA_PROCESSING2\_Briarcliffe_Acres,DAY,-1,-1,\\DHECCHASTN86\data\COMMON\POLICY_AND_PLANNING\Sam_Jessica\BERM DATA &amp; PROCESSING\BERM2017\PROCESSING\2017_PROCESSESING\2017_BEACH_DATA.gdb\BEACH_DATA_PROCESSING2\_Daufuskie,DAY,-1,-1,\\DHECCHASTN86\data\COMMON\POLICY_AND_PLANNING\Sam_Jessica\BERM DATA &amp; PROCESSING\BERM2017\PROCESSING\2017_PROCESSESING\2017_BEACH_DATA.gdb\BEACH_DATA_PROCESSING2\_Debordieu,DAY,-1,-1,\\DHECCHASTN86\data\COMMON\POLICY_AND_PLANNING\Sam_Jessica\BERM DATA &amp; PROCESSING\BERM2017\PROCESSING\2017_PROCESSESING\2017_BEACH_DATA.gdb\BEACH_DATA_PROCESSING2\_Garden_City,DAY,-1,-1,\\DHECCHASTN86\data\COMMON\POLICY_AND_PLANNING\Sam_Jessica\BERM DATA &amp; PROCESSING\BERM2017\PROCESSING\2017_PROCESSESING\2017_BEACH_DATA.gdb\BEACH_DATA_PROCESSING2\_North_Myrtle_Beach,DAY,-1,-1,\\DHECCHASTN86\data\COMMON\POLICY_AND_PLANNING\Sam_Jessica\BERM DATA &amp; PROCESSING\BERM2017\PROCESSING\2017_PROCESSESING\2017_BEACH_DATA.gdb\BEACH_DATA_PROCESSING2\_Myrtle_Beach,DAY,-1,-1,\\DHECCHASTN86\data\COMMON\POLICY_AND_PLANNING\Sam_Jessica\BERM DATA &amp; PROCESSING\BERM2017\PROCESSING\2017_PROCESSESING\2017_BEACH_DATA.gdb\BEACH_DATA_PROCESSING2\_Hunting,DAY,-1,-1,\\DHECCHASTN86\data\COMMON\POLICY_AND_PLANNING\Sam_Jessica\BERM DATA &amp; PROCESSING\BERM2017\PROCESSING\2017_PROCESSESING\2017_BEACH_DATA.gdb\BEACH_DATA_PROCESSING2\_Huntington,DAY,-1,-1,\\DHECCHASTN86\data\COMMON\POLICY_AND_PLANNING\Sam_Jessica\BERM DATA &amp; PROCESSING\BERM2017\PROCESSING\2017_PROCESSESING\2017_BEACH_DATA.gdb\BEACH_DATA_PROCESSING2\_Litchfield,DAY,-1,-1,\\DHECCHASTN86\data\COMMON\POLICY_AND_PLANNING\Sam_Jessica\BERM DATA &amp; PROCESSING\BERM2017\PROCESSING\2017_PROCESSESING\2017_BEACH_DATA.gdb\BEACH_DATA_PROCESSING2\_Surfisde,DAY,-1,-1,\\DHECCHASTN86\data\COMMON\POLICY_AND_PLANNING\Sam_Jessica\BERM DATA &amp; PROCESSING\BERM2017\PROCESSING\2017_PROCESSESING\2017_BEACH_DATA.gdb\BEACH_DATA_PROCESSING2\_Waties_Island,DAY,-1,-1;COL_DATE "COL_DATE" true true false 15 Text 0 0 ,First,#,\\DHECCHASTN86\data\COMMON\POLICY_AND_PLANNING\Sam_Jessica\BERM DATA &amp; PROCESSING\BERM2017\PROCESSING\2017_PROCESSESING\2017_BEACH_DATA.gdb\BEACH_DATA_PROCESSING2\_Hilton_Head,COL_DATE,-1,-1,\\DHECCHASTN86\data\COMMON\POLICY_AND_PLANNING\Sam_Jessica\BERM DATA &amp; PROCESSING\BERM2017\PROCESSING\2017_PROCESSESING\2017_BEACH_DATA.gdb\BEACH_DATA_PROCESSING2\_Fripp,COL_DATE,-1,-1,\\DHECCHASTN86\data\COMMON\POLICY_AND_PLANNING\Sam_Jessica\BERM DATA &amp; PROCESSING\BERM2017\PROCESSING\2017_PROCESSESING\2017_BEACH_DATA.gdb\BEACH_DATA_PROCESSING2\_Harbor,COL_DATE,-1,-1,\\DHECCHASTN86\data\COMMON\POLICY_AND_PLANNING\Sam_Jessica\BERM DATA &amp; PROCESSING\BERM2017\PROCESSING\2017_PROCESSESING\2017_BEACH_DATA.gdb\BEACH_DATA_PROCESSING2\_Edisto,COL_DATE,-1,-1,\\DHECCHASTN86\data\COMMON\POLICY_AND_PLANNING\Sam_Jessica\BERM DATA &amp; PROCESSING\BERM2017\PROCESSING\2017_PROCESSESING\2017_BEACH_DATA.gdb\BEACH_DATA_PROCESSING2\_Seabrook,COL_DATE,-1,-1,\\DHECCHASTN86\data\COMMON\POLICY_AND_PLANNING\Sam_Jessica\BERM DATA &amp; PROCESSING\BERM2017\PROCESSING\2017_PROCESSESING\2017_BEACH_DATA.gdb\BEACH_DATA_PROCESSING2\_Kiawah,COL_DATE,-1,-1,\\DHECCHASTN86\data\COMMON\POLICY_AND_PLANNING\Sam_Jessica\BERM DATA &amp; PROCESSING\BERM2017\PROCESSING\2017_PROCESSESING\2017_BEACH_DATA.gdb\BEACH_DATA_PROCESSING2\_Folly,COL_DATE,-1,-1,\\DHECCHASTN86\data\COMMON\POLICY_AND_PLANNING\Sam_Jessica\BERM DATA &amp; PROCESSING\BERM2017\PROCESSING\2017_PROCESSESING\2017_BEACH_DATA.gdb\BEACH_DATA_PROCESSING2\_Sullivans,COL_DATE,-1,-1,\\DHECCHASTN86\data\COMMON\POLICY_AND_PLANNING\Sam_Jessica\BERM DATA &amp; PROCESSING\BERM2017\PROCESSING\2017_PROCESSESING\2017_BEACH_DATA.gdb\BEACH_DATA_PROCESSING2\_Isle_of_Palms,COL_DATE,-1,-1,\\DHECCHASTN86\data\COMMON\POLICY_AND_PLANNING\Sam_Jessica\BERM DATA &amp; PROCESSING\BERM2017\PROCESSING\2017_PROCESSESING\2017_BEACH_DATA.gdb\BEACH_DATA_PROCESSING2\_Dewees,COL_DATE,-1,-1,\\DHECCHASTN86\data\COMMON\POLICY_AND_PLANNING\Sam_Jessica\BERM DATA &amp; PROCESSING\BERM2017\PROCESSING\2017_PROCESSESING\2017_BEACH_DATA.gdb\BEACH_DATA_PROCESSING2\_Pawleys_Island,COL_DATE,-1,-1,\\DHECCHASTN86\data\COMMON\POLICY_AND_PLANNING\Sam_Jessica\BERM DATA &amp; PROCESSING\BERM2017\PROCESSING\2017_PROCESSESING\2017_BEACH_DATA.gdb\BEACH_DATA_PROCESSING2\_Briarcliffe_Acres,COL_DATE,-1,-1,\\DHECCHASTN86\data\COMMON\POLICY_AND_PLANNING\Sam_Jessica\BERM DATA &amp; PROCESSING\BERM2017\PROCESSING\2017_PROCESSESING\2017_BEACH_DATA.gdb\BEACH_DATA_PROCESSING2\_Daufuskie,COL_DATE,-1,-1,\\DHECCHASTN86\data\COMMON\POLICY_AND_PLANNING\Sam_Jessica\BERM DATA &amp; PROCESSING\BERM2017\PROCESSING\2017_PROCESSESING\2017_BEACH_DATA.gdb\BEACH_DATA_PROCESSING2\_Debordieu,COL_DATE,-1,-1,\\DHECCHASTN86\data\COMMON\POLICY_AND_PLANNING\Sam_Jessica\BERM DATA &amp; PROCESSING\BERM2017\PROCESSING\2017_PROCESSESING\2017_BEACH_DATA.gdb\BEACH_DATA_PROCESSING2\_Garden_City,COL_DATE,-1,-1,\\DHECCHASTN86\data\COMMON\POLICY_AND_PLANNING\Sam_Jessica\BERM DATA &amp; PROCESSING\BERM2017\PROCESSING\2017_PROCESSESING\2017_BEACH_DATA.gdb\BEACH_DATA_PROCESSING2\_North_Myrtle_Beach,COL_DATE,-1,-1,\\DHECCHASTN86\data\COMMON\POLICY_AND_PLANNING\Sam_Jessica\BERM DATA &amp; PROCESSING\BERM2017\PROCESSING\2017_PROCESSESING\2017_BEACH_DATA.gdb\BEACH_DATA_PROCESSING2\_Myrtle_Beach,COL_DATE,-1,-1,\\DHECCHASTN86\data\COMMON\POLICY_AND_PLANNING\Sam_Jessica\BERM DATA &amp; PROCESSING\BERM2017\PROCESSING\2017_PROCESSESING\2017_BEACH_DATA.gdb\BEACH_DATA_PROCESSING2\_Hunting,COL_DATE,-1,-1,\\DHECCHASTN86\data\COMMON\POLICY_AND_PLANNING\Sam_Jessica\BERM DATA &amp; PROCESSING\BERM2017\PROCESSING\2017_PROCESSESING\2017_BEACH_DATA.gdb\BEACH_DATA_PROCESSING2\_Huntington,COL_DATE,-1,-1,\\DHECCHASTN86\data\COMMON\POLICY_AND_PLANNING\Sam_Jessica\BERM DATA &amp; PROCESSING\BERM2017\PROCESSING\2017_PROCESSESING\2017_BEACH_DATA.gdb\BEACH_DATA_PROCESSING2\_Litchfield,COL_DATE,-1,-1,\\DHECCHASTN86\data\COMMON\POLICY_AND_PLANNING\Sam_Jessica\BERM DATA &amp; PROCESSING\BERM2017\PROCESSING\2017_PROCESSESING\2017_BEACH_DATA.gdb\BEACH_DATA_PROCESSING2\_Surfisde,COL_DATE,-1,-1,\\DHECCHASTN86\data\COMMON\POLICY_AND_PLANNING\Sam_Jessica\BERM DATA &amp; PROCESSING\BERM2017\PROCESSING\2017_PROCESSESING\2017_BEACH_DATA.gdb\BEACH_DATA_PROCESSING2\_Waties_Island,COL_DATE,-1,-1;BEACH "BEACH" true true false 50 Text 0 0 ,First,#,\\DHECCHASTN86\data\COMMON\POLICY_AND_PLANNING\Sam_Jessica\BERM DATA &amp; PROCESSING\BERM2017\PROCESSING\2017_PROCESSESING\2017_BEACH_DATA.gdb\BEACH_DATA_PROCESSING2\_Hilton_Head,BEACH,-1,-1,\\DHECCHASTN86\data\COMMON\POLICY_AND_PLANNING\Sam_Jessica\BERM DATA &amp; PROCESSING\BERM2017\PROCESSING\2017_PROCESSESING\2017_BEACH_DATA.gdb\BEACH_DATA_PROCESSING2\_Fripp,BEACH,-1,-1,\\DHECCHASTN86\data\COMMON\POLICY_AND_PLANNING\Sam_Jessica\BERM DATA &amp; PROCESSING\BERM2017\PROCESSING\2017_PROCESSESING\2017_BEACH_DATA.gdb\BEACH_DATA_PROCESSING2\_Harbor,BEACH,-1,-1,\\DHECCHASTN86\data\COMMON\POLICY_AND_PLANNING\Sam_Jessica\BERM DATA &amp; PROCESSING\BERM2017\PROCESSING\2017_PROCESSESING\2017_BEACH_DATA.gdb\BEACH_DATA_PROCESSING2\_Edisto,BEACH,-1,-1,\\DHECCHASTN86\data\COMMON\POLICY_AND_PLANNING\Sam_Jessica\BERM DATA &amp; PROCESSING\BERM2017\PROCESSING\2017_PROCESSESING\2017_BEACH_DATA.gdb\BEACH_DATA_PROCESSING2\_Seabrook,BEACH,-1,-1,\\DHECCHASTN86\data\COMMON\POLICY_AND_PLANNING\Sam_Jessica\BERM DATA &amp; PROCESSING\BERM2017\PROCESSING\2017_PROCESSESING\2017_BEACH_DATA.gdb\BEACH_DATA_PROCESSING2\_Kiawah,BEACH,-1,-1,\\DHECCHASTN86\data\COMMON\POLICY_AND_PLANNING\Sam_Jessica\BERM DATA &amp; PROCESSING\BERM2017\PROCESSING\2017_PROCESSESING\2017_BEACH_DATA.gdb\BEACH_DATA_PROCESSING2\_Folly,BEACH,-1,-1,\\DHECCHASTN86\data\COMMON\POLICY_AND_PLANNING\Sam_Jessica\BERM DATA &amp; PROCESSING\BERM2017\PROCESSING\2017_PROCESSESING\2017_BEACH_DATA.gdb\BEACH_DATA_PROCESSING2\_Sullivans,BEACH,-1,-1,\\DHECCHASTN86\data\COMMON\POLICY_AND_PLANNING\Sam_Jessica\BERM DATA &amp; PROCESSING\BERM2017\PROCESSING\2017_PROCESSESING\2017_BEACH_DATA.gdb\BEACH_DATA_PROCESSING2\_Isle_of_Palms,BEACH,-1,-1,\\DHECCHASTN86\data\COMMON\POLICY_AND_PLANNING\Sam_Jessica\BERM DATA &amp; PROCESSING\BERM2017\PROCESSING\2017_PROCESSESING\2017_BEACH_DATA.gdb\BEACH_DATA_PROCESSING2\_Dewees,BEACH,-1,-1,\\DHECCHASTN86\data\COMMON\POLICY_AND_PLANNING\Sam_Jessica\BERM DATA &amp; PROCESSING\BERM2017\PROCESSING\2017_PROCESSESING\2017_BEACH_DATA.gdb\BEACH_DATA_PROCESSING2\_Pawleys_Island,BEACH,-1,-1,\\DHECCHASTN86\data\COMMON\POLICY_AND_PLANNING\Sam_Jessica\BERM DATA &amp; PROCESSING\BERM2017\PROCESSING\2017_PROCESSESING\2017_BEACH_DATA.gdb\BEACH_DATA_PROCESSING2\_Briarcliffe_Acres,BEACH,-1,-1,\\DHECCHASTN86\data\COMMON\POLICY_AND_PLANNING\Sam_Jessica\BERM DATA &amp; PROCESSING\BERM2017\PROCESSING\2017_PROCESSESING\2017_BEACH_DATA.gdb\BEACH_DATA_PROCESSING2\_Daufuskie,BEACH,-1,-1,\\DHECCHASTN86\data\COMMON\POLICY_AND_PLANNING\Sam_Jessica\BERM DATA &amp; PROCESSING\BERM2017\PROCESSING\2017_PROCESSESING\2017_BEACH_DATA.gdb\BEACH_DATA_PROCESSING2\_Debordieu,BEACH,-1,-1,\\DHECCHASTN86\data\COMMON\POLICY_AND_PLANNING\Sam_Jessica\BERM DATA &amp; PROCESSING\BERM2017\PROCESSING\2017_PROCESSESING\2017_BEACH_DATA.gdb\BEACH_DATA_PROCESSING2\_Garden_City,BEACH,-1,-1,\\DHECCHASTN86\data\COMMON\POLICY_AND_PLANNING\Sam_Jessica\BERM DATA &amp; PROCESSING\BERM2017\PROCESSING\2017_PROCESSESING\2017_BEACH_DATA.gdb\BEACH_DATA_PROCESSING2\_North_Myrtle_Beach,BEACH,-1,-1,\\DHECCHASTN86\data\COMMON\POLICY_AND_PLANNING\Sam_Jessica\BERM DATA &amp; PROCESSING\BERM2017\PROCESSING\2017_PROCESSESING\2017_BEACH_DATA.gdb\BEACH_DATA_PROCESSING2\_Myrtle_Beach,BEACH,-1,-1,\\DHECCHASTN86\data\COMMON\POLICY_AND_PLANNING\Sam_Jessica\BERM DATA &amp; PROCESSING\BERM2017\PROCESSING\2017_PROCESSESING\2017_BEACH_DATA.gdb\BEACH_DATA_PROCESSING2\_Hunting,BEACH,-1,-1,\\DHECCHASTN86\data\COMMON\POLICY_AND_PLANNING\Sam_Jessica\BERM DATA &amp; PROCESSING\BERM2017\PROCESSING\2017_PROCESSESING\2017_BEACH_DATA.gdb\BEACH_DATA_PROCESSING2\_Huntington,BEACH,-1,-1,\\DHECCHASTN86\data\COMMON\POLICY_AND_PLANNING\Sam_Jessica\BERM DATA &amp; PROCESSING\BERM2017\PROCESSING\2017_PROCESSESING\2017_BEACH_DATA.gdb\BEACH_DATA_PROCESSING2\_Litchfield,BEACH,-1,-1,\\DHECCHASTN86\data\COMMON\POLICY_AND_PLANNING\Sam_Jessica\BERM DATA &amp; PROCESSING\BERM2017\PROCESSING\2017_PROCESSESING\2017_BEACH_DATA.gdb\BEACH_DATA_PROCESSING2\_Surfisde,BEACH,-1,-1,\\DHECCHASTN86\data\COMMON\POLICY_AND_PLANNING\Sam_Jessica\BERM DATA &amp; PROCESSING\BERM2017\PROCESSING\2017_PROCESSESING\2017_BEACH_DATA.gdb\BEACH_DATA_PROCESSING2\_Waties_Island,BEACH,-1,-1;TRAN_ID "TRAN_ID" true true false 10 Text 0 0 ,First,#,\\DHECCHASTN86\data\COMMON\POLICY_AND_PLANNING\Sam_Jessica\BERM DATA &amp; PROCESSING\BERM2017\PROCESSING\2017_PROCESSESING\2017_BEACH_DATA.gdb\BEACH_DATA_PROCESSING2\_Hilton_Head,TRAN_ID,-1,-1,\\DHECCHASTN86\data\COMMON\POLICY_AND_PLANNING\Sam_Jessica\BERM DATA &amp; PROCESSING\BERM2017\PROCESSING\2017_PROCESSESING\2017_BEACH_DATA.gdb\BEACH_DATA_PROCESSING2\_Fripp,TRAN_ID,-1,-1,\\DHECCHASTN86\data\COMMON\POLICY_AND_PLANNING\Sam_Jessica\BERM DATA &amp; PROCESSING\BERM2017\PROCESSING\2017_PROCESSESING\2017_BEACH_DATA.gdb\BEACH_DATA_PROCESSING2\_Harbor,TRAN_ID,-1,-1,\\DHECCHASTN86\data\COMMON\POLICY_AND_PLANNING\Sam_Jessica\BERM DATA &amp; PROCESSING\BERM2017\PROCESSING\2017_PROCESSESING\2017_BEACH_DATA.gdb\BEACH_DATA_PROCESSING2\_Edisto,TRAN_ID,-1,-1,\\DHECCHASTN86\data\COMMON\POLICY_AND_PLANNING\Sam_Jessica\BERM DATA &amp; PROCESSING\BERM2017\PROCESSING\2017_PROCESSESING\2017_BEACH_DATA.gdb\BEACH_DATA_PROCESSING2\_Seabrook,TRAN_ID,-1,-1,\\DHECCHASTN86\data\COMMON\POLICY_AND_PLANNING\Sam_Jessica\BERM DATA &amp; PROCESSING\BERM2017\PROCESSING\2017_PROCESSESING\2017_BEACH_DATA.gdb\BEACH_DATA_PROCESSING2\_Kiawah,TRAN_ID,-1,-1,\\DHECCHASTN86\data\COMMON\POLICY_AND_PLANNING\Sam_Jessica\BERM DATA &amp; PROCESSING\BERM2017\PROCESSING\2017_PROCESSESING\2017_BEACH_DATA.gdb\BEACH_DATA_PROCESSING2\_Folly,TRAN_ID,-1,-1,\\DHECCHASTN86\data\COMMON\POLICY_AND_PLANNING\Sam_Jessica\BERM DATA &amp; PROCESSING\BERM2017\PROCESSING\2017_PROCESSESING\2017_BEACH_DATA.gdb\BEACH_DATA_PROCESSING2\_Sullivans,TRAN_ID,-1,-1,\\DHECCHASTN86\data\COMMON\POLICY_AND_PLANNING\Sam_Jessica\BERM DATA &amp; PROCESSING\BERM2017\PROCESSING\2017_PROCESSESING\2017_BEACH_DATA.gdb\BEACH_DATA_PROCESSING2\_Isle_of_Palms,TRAN_ID,-1,-1,\\DHECCHASTN86\data\COMMON\POLICY_AND_PLANNING\Sam_Jessica\BERM DATA &amp; PROCESSING\BERM2017\PROCESSING\2017_PROCESSESING\2017_BEACH_DATA.gdb\BEACH_DATA_PROCESSING2\_Dewees,TRAN_ID,-1,-1,\\DHECCHASTN86\data\COMMON\POLICY_AND_PLANNING\Sam_Jessica\BERM DATA &amp; PROCESSING\BERM2017\PROCESSING\2017_PROCESSESING\2017_BEACH_DATA.gdb\BEACH_DATA_PROCESSING2\_Pawleys_Island,TRAN_ID,-1,-1,\\DHECCHASTN86\data\COMMON\POLICY_AND_PLANNING\Sam_Jessica\BERM DATA &amp; PROCESSING\BERM2017\PROCESSING\2017_PROCESSESING\2017_BEACH_DATA.gdb\BEACH_DATA_PROCESSING2\_Briarcliffe_Acres,TRAN_ID,-1,-1,\\DHECCHASTN86\data\COMMON\POLICY_AND_PLANNING\Sam_Jessica\BERM DATA &amp; PROCESSING\BERM2017\PROCESSING\2017_PROCESSESING\2017_BEACH_DATA.gdb\BEACH_DATA_PROCESSING2\_Daufuskie,TRAN_ID,-1,-1,\\DHECCHASTN86\data\COMMON\POLICY_AND_PLANNING\Sam_Jessica\BERM DATA &amp; PROCESSING\BERM2017\PROCESSING\2017_PROCESSESING\2017_BEACH_DATA.gdb\BEACH_DATA_PROCESSING2\_Debordieu,TRAN_ID,-1,-1,\\DHECCHASTN86\data\COMMON\POLICY_AND_PLANNING\Sam_Jessica\BERM DATA &amp; PROCESSING\BERM2017\PROCESSING\2017_PROCESSESING\2017_BEACH_DATA.gdb\BEACH_DATA_PROCESSING2\_Garden_City,TRAN_ID,-1,-1,\\DHECCHASTN86\data\COMMON\POLICY_AND_PLANNING\Sam_Jessica\BERM DATA &amp; PROCESSING\BERM2017\PROCESSING\2017_PROCESSESING\2017_BEACH_DATA.gdb\BEACH_DATA_PROCESSING2\_North_Myrtle_Beach,TRAN_ID,-1,-1,\\DHECCHASTN86\data\COMMON\POLICY_AND_PLANNING\Sam_Jessica\BERM DATA &amp; PROCESSING\BERM2017\PROCESSING\2017_PROCESSESING\2017_BEACH_DATA.gdb\BEACH_DATA_PROCESSING2\_Myrtle_Beach,TRAN_ID,-1,-1,\\DHECCHASTN86\data\COMMON\POLICY_AND_PLANNING\Sam_Jessica\BERM DATA &amp; PROCESSING\BERM2017\PROCESSING\2017_PROCESSESING\2017_BEACH_DATA.gdb\BEACH_DATA_PROCESSING2\_Hunting,TRAN_ID,-1,-1,\\DHECCHASTN86\data\COMMON\POLICY_AND_PLANNING\Sam_Jessica\BERM DATA &amp; PROCESSING\BERM2017\PROCESSING\2017_PROCESSESING\2017_BEACH_DATA.gdb\BEACH_DATA_PROCESSING2\_Huntington,TRAN_ID,-1,-1,\\DHECCHASTN86\data\COMMON\POLICY_AND_PLANNING\Sam_Jessica\BERM DATA &amp; PROCESSING\BERM2017\PROCESSING\2017_PROCESSESING\2017_BEACH_DATA.gdb\BEACH_DATA_PROCESSING2\_Litchfield,TRAN_ID,-1,-1,\\DHECCHASTN86\data\COMMON\POLICY_AND_PLANNING\Sam_Jessica\BERM DATA &amp; PROCESSING\BERM2017\PROCESSING\2017_PROCESSESING\2017_BEACH_DATA.gdb\BEACH_DATA_PROCESSING2\_Surfisde,TRAN_ID,-1,-1,\\DHECCHASTN86\data\COMMON\POLICY_AND_PLANNING\Sam_Jessica\BERM DATA &amp; PROCESSING\BERM2017\PROCESSING\2017_PROCESSESING\2017_BEACH_DATA.gdb\BEACH_DATA_PROCESSING2\_Waties_Island,TRAN_ID,-1,-1;DFM "DFM" true true false 8 Double 0 0 ,First,#,\\DHECCHASTN86\data\COMMON\POLICY_AND_PLANNING\Sam_Jessica\BERM DATA &amp; PROCESSING\BERM2017\PROCESSING\2017_PROCESSESING\2017_BEACH_DATA.gdb\BEACH_DATA_PROCESSING2\_Hilton_Head,DFM,-1,-1,\\DHECCHASTN86\data\COMMON\POLICY_AND_PLANNING\Sam_Jessica\BERM DATA &amp; PROCESSING\BERM2017\PROCESSING\2017_PROCESSESING\2017_BEACH_DATA.gdb\BEACH_DATA_PROCESSING2\_Fripp,DFM,-1,-1,\\DHECCHASTN86\data\COMMON\POLICY_AND_PLANNING\Sam_Jessica\BERM DATA &amp; PROCESSING\BERM2017\PROCESSING\2017_PROCESSESING\2017_BEACH_DATA.gdb\BEACH_DATA_PROCESSING2\_Harbor,DFM,-1,-1,\\DHECCHASTN86\data\COMMON\POLICY_AND_PLANNING\Sam_Jessica\BERM DATA &amp; PROCESSING\BERM2017\PROCESSING\2017_PROCESSESING\2017_BEACH_DATA.gdb\BEACH_DATA_PROCESSING2\_Edisto,DFM,-1,-1,\\DHECCHASTN86\data\COMMON\POLICY_AND_PLANNING\Sam_Jessica\BERM DATA &amp; PROCESSING\BERM2017\PROCESSING\2017_PROCESSESING\2017_BEACH_DATA.gdb\BEACH_DATA_PROCESSING2\_Seabrook,DFM,-1,-1,\\DHECCHASTN86\data\COMMON\POLICY_AND_PLANNING\Sam_Jessica\BERM DATA &amp; PROCESSING\BERM2017\PROCESSING\2017_PROCESSESING\2017_BEACH_DATA.gdb\BEACH_DATA_PROCESSING2\_Kiawah,DFM,-1,-1,\\DHECCHASTN86\data\COMMON\POLICY_AND_PLANNING\Sam_Jessica\BERM DATA &amp; PROCESSING\BERM2017\PROCESSING\2017_PROCESSESING\2017_BEACH_DATA.gdb\BEACH_DATA_PROCESSING2\_Folly,DFM,-1,-1,\\DHECCHASTN86\data\COMMON\POLICY_AND_PLANNING\Sam_Jessica\BERM DATA &amp; PROCESSING\BERM2017\PROCESSING\2017_PROCESSESING\2017_BEACH_DATA.gdb\BEACH_DATA_PROCESSING2\_Sullivans,DFM,-1,-1,\\DHECCHASTN86\data\COMMON\POLICY_AND_PLANNING\Sam_Jessica\BERM DATA &amp; PROCESSING\BERM2017\PROCESSING\2017_PROCESSESING\2017_BEACH_DATA.gdb\BEACH_DATA_PROCESSING2\_Isle_of_Palms,DFM,-1,-1,\\DHECCHASTN86\data\COMMON\POLICY_AND_PLANNING\Sam_Jessica\BERM DATA &amp; PROCESSING\BERM2017\PROCESSING\2017_PROCESSESING\2017_BEACH_DATA.gdb\BEACH_DATA_PROCESSING2\_Dewees,DFM,-1,-1,\\DHECCHASTN86\data\COMMON\POLICY_AND_PLANNING\Sam_Jessica\BERM DATA &amp; PROCESSING\BERM2017\PROCESSING\2017_PROCESSESING\2017_BEACH_DATA.gdb\BEACH_DATA_PROCESSING2\_Pawleys_Island,DFM,-1,-1,\\DHECCHASTN86\data\COMMON\POLICY_AND_PLANNING\Sam_Jessica\BERM DATA &amp; PROCESSING\BERM2017\PROCESSING\2017_PROCESSESING\2017_BEACH_DATA.gdb\BEACH_DATA_PROCESSING2\_Briarcliffe_Acres,DFM,-1,-1,\\DHECCHASTN86\data\COMMON\POLICY_AND_PLANNING\Sam_Jessica\BERM DATA &amp; PROCESSING\BERM2017\PROCESSING\2017_PROCESSESING\2017_BEACH_DATA.gdb\BEACH_DATA_PROCESSING2\_Daufuskie,DFM,-1,-1,\\DHECCHASTN86\data\COMMON\POLICY_AND_PLANNING\Sam_Jessica\BERM DATA &amp; PROCESSING\BERM2017\PROCESSING\2017_PROCESSESING\2017_BEACH_DATA.gdb\BEACH_DATA_PROCESSING2\_Debordieu,DFM,-1,-1,\\DHECCHASTN86\data\COMMON\POLICY_AND_PLANNING\Sam_Jessica\BERM DATA &amp; PROCESSING\BERM2017\PROCESSING\2017_PROCESSESING\2017_BEACH_DATA.gdb\BEACH_DATA_PROCESSING2\_Garden_City,DFM,-1,-1,\\DHECCHASTN86\data\COMMON\POLICY_AND_PLANNING\Sam_Jessica\BERM DATA &amp; PROCESSING\BERM2017\PROCESSING\2017_PROCESSESING\2017_BEACH_DATA.gdb\BEACH_DATA_PROCESSING2\_North_Myrtle_Beach,DFM,-1,-1,\\DHECCHASTN86\data\COMMON\POLICY_AND_PLANNING\Sam_Jessica\BERM DATA &amp; PROCESSING\BERM2017\PROCESSING\2017_PROCESSESING\2017_BEACH_DATA.gdb\BEACH_DATA_PROCESSING2\_Myrtle_Beach,DFM,-1,-1,\\DHECCHASTN86\data\COMMON\POLICY_AND_PLANNING\Sam_Jessica\BERM DATA &amp; PROCESSING\BERM2017\PROCESSING\2017_PROCESSESING\2017_BEACH_DATA.gdb\BEACH_DATA_PROCESSING2\_Hunting,DFM,-1,-1,\\DHECCHASTN86\data\COMMON\POLICY_AND_PLANNING\Sam_Jessica\BERM DATA &amp; PROCESSING\BERM2017\PROCESSING\2017_PROCESSESING\2017_BEACH_DATA.gdb\BEACH_DATA_PROCESSING2\_Huntington,DFM,-1,-1,\\DHECCHASTN86\data\COMMON\POLICY_AND_PLANNING\Sam_Jessica\BERM DATA &amp; PROCESSING\BERM2017\PROCESSING\2017_PROCESSESING\2017_BEACH_DATA.gdb\BEACH_DATA_PROCESSING2\_Litchfield,DFM,-1,-1,\\DHECCHASTN86\data\COMMON\POLICY_AND_PLANNING\Sam_Jessica\BERM DATA &amp; PROCESSING\BERM2017\PROCESSING\2017_PROCESSESING\2017_BEACH_DATA.gdb\BEACH_DATA_PROCESSING2\_Surfisde,DFM,-1,-1,\\DHECCHASTN86\data\COMMON\POLICY_AND_PLANNING\Sam_Jessica\BERM DATA &amp; PROCESSING\BERM2017\PROCESSING\2017_PROCESSESING\2017_BEACH_DATA.gdb\BEACH_DATA_PROCESSING2\_Waties_Island,DFM,-1,-1;DFCP "DFCP" true true false 8 Double 0 0 ,First,#,\\DHECCHASTN86\data\COMMON\POLICY_AND_PLANNING\Sam_Jessica\BERM DATA &amp; PROCESSING\BERM2017\PROCESSING\2017_PROCESSESING\2017_BEACH_DATA.gdb\BEACH_DATA_PROCESSING2\_Hilton_Head,DFCP,-1,-1,\\DHECCHASTN86\data\COMMON\POLICY_AND_PLANNING\Sam_Jessica\BERM DATA &amp; PROCESSING\BERM2017\PROCESSING\2017_PROCESSESING\2017_BEACH_DATA.gdb\BEACH_DATA_PROCESSING2\_Fripp,DFCP,-1,-1,\\DHECCHASTN86\data\COMMON\POLICY_AND_PLANNING\Sam_Jessica\BERM DATA &amp; PROCESSING\BERM2017\PROCESSING\2017_PROCESSESING\2017_BEACH_DATA.gdb\BEACH_DATA_PROCESSING2\_Harbor,DFCP,-1,-1,\\DHECCHASTN86\data\COMMON\POLICY_AND_PLANNING\Sam_Jessica\BERM DATA &amp; PROCESSING\BERM2017\PROCESSING\2017_PROCESSESING\2017_BEACH_DATA.gdb\BEACH_DATA_PROCESSING2\_Edisto,DFCP,-1,-1,\\DHECCHASTN86\data\COMMON\POLICY_AND_PLANNING\Sam_Jessica\BERM DATA &amp; PROCESSING\BERM2017\PROCESSING\2017_PROCESSESING\2017_BEACH_DATA.gdb\BEACH_DATA_PROCESSING2\_Seabrook,DFCP,-1,-1,\\DHECCHASTN86\data\COMMON\POLICY_AND_PLANNING\Sam_Jessica\BERM DATA &amp; PROCESSING\BERM2017\PROCESSING\2017_PROCESSESING\2017_BEACH_DATA.gdb\BEACH_DATA_PROCESSING2\_Kiawah,DFCP,-1,-1,\\DHECCHASTN86\data\COMMON\POLICY_AND_PLANNING\Sam_Jessica\BERM DATA &amp; PROCESSING\BERM2017\PROCESSING\2017_PROCESSESING\2017_BEACH_DATA.gdb\BEACH_DATA_PROCESSING2\_Folly,DFCP,-1,-1,\\DHECCHASTN86\data\COMMON\POLICY_AND_PLANNING\Sam_Jessica\BERM DATA &amp; PROCESSING\BERM2017\PROCESSING\2017_PROCESSESING\2017_BEACH_DATA.gdb\BEACH_DATA_PROCESSING2\_Sullivans,DFCP,-1,-1,\\DHECCHASTN86\data\COMMON\POLICY_AND_PLANNING\Sam_Jessica\BERM DATA &amp; PROCESSING\BERM2017\PROCESSING\2017_PROCESSESING\2017_BEACH_DATA.gdb\BEACH_DATA_PROCESSING2\_Isle_of_Palms,DFCP,-1,-1,\\DHECCHASTN86\data\COMMON\POLICY_AND_PLANNING\Sam_Jessica\BERM DATA &amp; PROCESSING\BERM2017\PROCESSING\2017_PROCESSESING\2017_BEACH_DATA.gdb\BEACH_DATA_PROCESSING2\_Dewees,DFCP,-1,-1,\\DHECCHASTN86\data\COMMON\POLICY_AND_PLANNING\Sam_Jessica\BERM DATA &amp; PROCESSING\BERM2017\PROCESSING\2017_PROCESSESING\2017_BEACH_DATA.gdb\BEACH_DATA_PROCESSING2\_Pawleys_Island,DFCP,-1,-1,\\DHECCHASTN86\data\COMMON\POLICY_AND_PLANNING\Sam_Jessica\BERM DATA &amp; PROCESSING\BERM2017\PROCESSING\2017_PROCESSESING\2017_BEACH_DATA.gdb\BEACH_DATA_PROCESSING2\_Briarcliffe_Acres,DFCP,-1,-1,\\DHECCHASTN86\data\COMMON\POLICY_AND_PLANNING\Sam_Jessica\BERM DATA &amp; PROCESSING\BERM2017\PROCESSING\2017_PROCESSESING\2017_BEACH_DATA.gdb\BEACH_DATA_PROCESSING2\_Daufuskie,DFCP,-1,-1,\\DHECCHASTN86\data\COMMON\POLICY_AND_PLANNING\Sam_Jessica\BERM DATA &amp; PROCESSING\BERM2017\PROCESSING\2017_PROCESSESING\2017_BEACH_DATA.gdb\BEACH_DATA_PROCESSING2\_Debordieu,DFCP,-1,-1,\\DHECCHASTN86\data\COMMON\POLICY_AND_PLANNING\Sam_Jessica\BERM DATA &amp; PROCESSING\BERM2017\PROCESSING\2017_PROCESSESING\2017_BEACH_DATA.gdb\BEACH_DATA_PROCESSING2\_Garden_City,DFCP,-1,-1,\\DHECCHASTN86\data\COMMON\POLICY_AND_PLANNING\Sam_Jessica\BERM DATA &amp; PROCESSING\BERM2017\PROCESSING\2017_PROCESSESING\2017_BEACH_DATA.gdb\BEACH_DATA_PROCESSING2\_North_Myrtle_Beach,DFCP,-1,-1,\\DHECCHASTN86\data\COMMON\POLICY_AND_PLANNING\Sam_Jessica\BERM DATA &amp; PROCESSING\BERM2017\PROCESSING\2017_PROCESSESING\2017_BEACH_DATA.gdb\BEACH_DATA_PROCESSING2\_Myrtle_Beach,DFCP,-1,-1,\\DHECCHASTN86\data\COMMON\POLICY_AND_PLANNING\Sam_Jessica\BERM DATA &amp; PROCESSING\BERM2017\PROCESSING\2017_PROCESSESING\2017_BEACH_DATA.gdb\BEACH_DATA_PROCESSING2\_Hunting,DFCP,-1,-1,\\DHECCHASTN86\data\COMMON\POLICY_AND_PLANNING\Sam_Jessica\BERM DATA &amp; PROCESSING\BERM2017\PROCESSING\2017_PROCESSESING\2017_BEACH_DATA.gdb\BEACH_DATA_PROCESSING2\_Huntington,DFCP,-1,-1,\\DHECCHASTN86\data\COMMON\POLICY_AND_PLANNING\Sam_Jessica\BERM DATA &amp; PROCESSING\BERM2017\PROCESSING\2017_PROCESSESING\2017_BEACH_DATA.gdb\BEACH_DATA_PROCESSING2\_Litchfield,DFCP,-1,-1,\\DHECCHASTN86\data\COMMON\POLICY_AND_PLANNING\Sam_Jessica\BERM DATA &amp; PROCESSING\BERM2017\PROCESSING\2017_PROCESSESING\2017_BEACH_DATA.gdb\BEACH_DATA_PROCESSING2\_Surfisde,DFCP,-1,-1,\\DHECCHASTN86\data\COMMON\POLICY_AND_PLANNING\Sam_Jessica\BERM DATA &amp; PROCESSING\BERM2017\PROCESSING\2017_PROCESSESING\2017_BEACH_DATA.gdb\BEACH_DATA_PROCESSING2\_Waties_Island,DFCP,-1,-1;POINT_X "POINT_X" true true false 8 Double 0 0 ,First,#,\\DHECCHASTN86\data\COMMON\POLICY_AND_PLANNING\Sam_Jessica\BERM DATA &amp; PROCESSING\BERM2017\PROCESSING\2017_PROCESSESING\2017_BEACH_DATA.gdb\BEACH_DATA_PROCESSING2\_Hilton_Head,POINT_X,-1,-1,\\DHECCHASTN86\data\COMMON\POLICY_AND_PLANNING\Sam_Jessica\BERM DATA &amp; PROCESSING\BERM2017\PROCESSING\2017_PROCESSESING\2017_BEACH_DATA.gdb\BEACH_DATA_PROCESSING2\_Fripp,POINT_X,-1,-1,\\DHECCHASTN86\data\COMMON\POLICY_AND_PLANNING\Sam_Jessica\BERM DATA &amp; PROCESSING\BERM2017\PROCESSING\2017_PROCESSESING\2017_BEACH_DATA.gdb\BEACH_DATA_PROCESSING2\_Harbor,POINT_X,-1,-1,\\DHECCHASTN86\data\COMMON\POLICY_AND_PLANNING\Sam_Jessica\BERM DATA &amp; PROCESSING\BERM2017\PROCESSING\2017_PROCESSESING\2017_BEACH_DATA.gdb\BEACH_DATA_PROCESSING2\_Edisto,POINT_X,-1,-1,\\DHECCHASTN86\data\COMMON\POLICY_AND_PLANNING\Sam_Jessica\BERM DATA &amp; PROCESSING\BERM2017\PROCESSING\2017_PROCESSESING\2017_BEACH_DATA.gdb\BEACH_DATA_PROCESSING2\_Seabrook,POINT_X,-1,-1,\\DHECCHASTN86\data\COMMON\POLICY_AND_PLANNING\Sam_Jessica\BERM DATA &amp; PROCESSING\BERM2017\PROCESSING\2017_PROCESSESING\2017_BEACH_DATA.gdb\BEACH_DATA_PROCESSING2\_Kiawah,POINT_X,-1,-1,\\DHECCHASTN86\data\COMMON\POLICY_AND_PLANNING\Sam_Jessica\BERM DATA &amp; PROCESSING\BERM2017\PROCESSING\2017_PROCESSESING\2017_BEACH_DATA.gdb\BEACH_DATA_PROCESSING2\_Folly,POINT_X,-1,-1,\\DHECCHASTN86\data\COMMON\POLICY_AND_PLANNING\Sam_Jessica\BERM DATA &amp; PROCESSING\BERM2017\PROCESSING\2017_PROCESSESING\2017_BEACH_DATA.gdb\BEACH_DATA_PROCESSING2\_Sullivans,POINT_X,-1,-1,\\DHECCHASTN86\data\COMMON\POLICY_AND_PLANNING\Sam_Jessica\BERM DATA &amp; PROCESSING\BERM2017\PROCESSING\2017_PROCESSESING\2017_BEACH_DATA.gdb\BEACH_DATA_PROCESSING2\_Isle_of_Palms,POINT_X,-1,-1,\\DHECCHASTN86\data\COMMON\POLICY_AND_PLANNING\Sam_Jessica\BERM DATA &amp; PROCESSING\BERM2017\PROCESSING\2017_PROCESSESING\2017_BEACH_DATA.gdb\BEACH_DATA_PROCESSING2\_Dewees,POINT_X,-1,-1,\\DHECCHASTN86\data\COMMON\POLICY_AND_PLANNING\Sam_Jessica\BERM DATA &amp; PROCESSING\BERM2017\PROCESSING\2017_PROCESSESING\2017_BEACH_DATA.gdb\BEACH_DATA_PROCESSING2\_Pawleys_Island,POINT_X,-1,-1,\\DHECCHASTN86\data\COMMON\POLICY_AND_PLANNING\Sam_Jessica\BERM DATA &amp; PROCESSING\BERM2017\PROCESSING\2017_PROCESSESING\2017_BEACH_DATA.gdb\BEACH_DATA_PROCESSING2\_Briarcliffe_Acres,POINT_X,-1,-1,\\DHECCHASTN86\data\COMMON\POLICY_AND_PLANNING\Sam_Jessica\BERM DATA &amp; PROCESSING\BERM2017\PROCESSING\2017_PROCESSESING\2017_BEACH_DATA.gdb\BEACH_DATA_PROCESSING2\_Daufuskie,POINT_X,-1,-1,\\DHECCHASTN86\data\COMMON\POLICY_AND_PLANNING\Sam_Jessica\BERM DATA &amp; PROCESSING\BERM2017\PROCESSING\2017_PROCESSESING\2017_BEACH_DATA.gdb\BEACH_DATA_PROCESSING2\_Debordieu,POINT_X,-1,-1,\\DHECCHASTN86\data\COMMON\POLICY_AND_PLANNING\Sam_Jessica\BERM DATA &amp; PROCESSING\BERM2017\PROCESSING\2017_PROCESSESING\2017_BEACH_DATA.gdb\BEACH_DATA_PROCESSING2\_Garden_City,POINT_X,-1,-1,\\DHECCHASTN86\data\COMMON\POLICY_AND_PLANNING\Sam_Jessica\BERM DATA &amp; PROCESSING\BERM2017\PROCESSING\2017_PROCESSESING\2017_BEACH_DATA.gdb\BEACH_DATA_PROCESSING2\_North_Myrtle_Beach,POINT_X,-1,-1,\\DHECCHASTN86\data\COMMON\POLICY_AND_PLANNING\Sam_Jessica\BERM DATA &amp; PROCESSING\BERM2017\PROCESSING\2017_PROCESSESING\2017_BEACH_DATA.gdb\BEACH_DATA_PROCESSING2\_Myrtle_Beach,POINT_X,-1,-1,\\DHECCHASTN86\data\COMMON\POLICY_AND_PLANNING\Sam_Jessica\BERM DATA &amp; PROCESSING\BERM2017\PROCESSING\2017_PROCESSESING\2017_BEACH_DATA.gdb\BEACH_DATA_PROCESSING2\_Hunting,POINT_X,-1,-1,\\DHECCHASTN86\data\COMMON\POLICY_AND_PLANNING\Sam_Jessica\BERM DATA &amp; PROCESSING\BERM2017\PROCESSING\2017_PROCESSESING\2017_BEACH_DATA.gdb\BEACH_DATA_PROCESSING2\_Huntington,POINT_X,-1,-1,\\DHECCHASTN86\data\COMMON\POLICY_AND_PLANNING\Sam_Jessica\BERM DATA &amp; PROCESSING\BERM2017\PROCESSING\2017_PROCESSESING\2017_BEACH_DATA.gdb\BEACH_DATA_PROCESSING2\_Litchfield,POINT_X,-1,-1,\\DHECCHASTN86\data\COMMON\POLICY_AND_PLANNING\Sam_Jessica\BERM DATA &amp; PROCESSING\BERM2017\PROCESSING\2017_PROCESSESING\2017_BEACH_DATA.gdb\BEACH_DATA_PROCESSING2\_Surfisde,POINT_X,-1,-1,\\DHECCHASTN86\data\COMMON\POLICY_AND_PLANNING\Sam_Jessica\BERM DATA &amp; PROCESSING\BERM2017\PROCESSING\2017_PROCESSESING\2017_BEACH_DATA.gdb\BEACH_DATA_PROCESSING2\_Waties_Island,POINT_X,-1,-1;POINT_Y "POINT_Y" true true false 8 Double 0 0 ,First,#,\\DHECCHASTN86\data\COMMON\POLICY_AND_PLANNING\Sam_Jessica\BERM DATA &amp; PROCESSING\BERM2017\PROCESSING\2017_PROCESSESING\2017_BEACH_DATA.gdb\BEACH_DATA_PROCESSING2\_Hilton_Head,POINT_Y,-1,-1,\\DHECCHASTN86\data\COMMON\POLICY_AND_PLANNING\Sam_Jessica\BERM DATA &amp; PROCESSING\BERM2017\PROCESSING\2017_PROCESSESING\2017_BEACH_DATA.gdb\BEACH_DATA_PROCESSING2\_Fripp,POINT_Y,-1,-1,\\DHECCHASTN86\data\COMMON\POLICY_AND_PLANNING\Sam_Jessica\BERM DATA &amp; PROCESSING\BERM2017\PROCESSING\2017_PROCESSESING\2017_BEACH_DATA.gdb\BEACH_DATA_PROCESSING2\_Harbor,POINT_Y,-1,-1,\\DHECCHASTN86\data\COMMON\POLICY_AND_PLANNING\Sam_Jessica\BERM DATA &amp; PROCESSING\BERM2017\PROCESSING\2017_PROCESSESING\2017_BEACH_DATA.gdb\BEACH_DATA_PROCESSING2\_Edisto,POINT_Y,-1,-1,\\DHECCHASTN86\data\COMMON\POLICY_AND_PLANNING\Sam_Jessica\BERM DATA &amp; PROCESSING\BERM2017\PROCESSING\2017_PROCESSESING\2017_BEACH_DATA.gdb\BEACH_DATA_PROCESSING2\_Seabrook,POINT_Y,-1,-1,\\DHECCHASTN86\data\COMMON\POLICY_AND_PLANNING\Sam_Jessica\BERM DATA &amp; PROCESSING\BERM2017\PROCESSING\2017_PROCESSESING\2017_BEACH_DATA.gdb\BEACH_DATA_PROCESSING2\_Kiawah,POINT_Y,-1,-1,\\DHECCHASTN86\data\COMMON\POLICY_AND_PLANNING\Sam_Jessica\BERM DATA &amp; PROCESSING\BERM2017\PROCESSING\2017_PROCESSESING\2017_BEACH_DATA.gdb\BEACH_DATA_PROCESSING2\_Folly,POINT_Y,-1,-1,\\DHECCHASTN86\data\COMMON\POLICY_AND_PLANNING\Sam_Jessica\BERM DATA &amp; PROCESSING\BERM2017\PROCESSING\2017_PROCESSESING\2017_BEACH_DATA.gdb\BEACH_DATA_PROCESSING2\_Sullivans,POINT_Y,-1,-1,\\DHECCHASTN86\data\COMMON\POLICY_AND_PLANNING\Sam_Jessica\BERM DATA &amp; PROCESSING\BERM2017\PROCESSING\2017_PROCESSESING\2017_BEACH_DATA.gdb\BEACH_DATA_PROCESSING2\_Isle_of_Palms,POINT_Y,-1,-1,\\DHECCHASTN86\data\COMMON\POLICY_AND_PLANNING\Sam_Jessica\BERM DATA &amp; PROCESSING\BERM2017\PROCESSING\2017_PROCESSESING\2017_BEACH_DATA.gdb\BEACH_DATA_PROCESSING2\_Dewees,POINT_Y,-1,-1,\\DHECCHASTN86\data\COMMON\POLICY_AND_PLANNING\Sam_Jessica\BERM DATA &amp; PROCESSING\BERM2017\PROCESSING\2017_PROCESSESING\2017_BEACH_DATA.gdb\BEACH_DATA_PROCESSING2\_Pawleys_Island,POINT_Y,-1,-1,\\DHECCHASTN86\data\COMMON\POLICY_AND_PLANNING\Sam_Jessica\BERM DATA &amp; PROCESSING\BERM2017\PROCESSING\2017_PROCESSESING\2017_BEACH_DATA.gdb\BEACH_DATA_PROCESSING2\_Briarcliffe_Acres,POINT_Y,-1,-1,\\DHECCHASTN86\data\COMMON\POLICY_AND_PLANNING\Sam_Jessica\BERM DATA &amp; PROCESSING\BERM2017\PROCESSING\2017_PROCESSESING\2017_BEACH_DATA.gdb\BEACH_DATA_PROCESSING2\_Daufuskie,POINT_Y,-1,-1,\\DHECCHASTN86\data\COMMON\POLICY_AND_PLANNING\Sam_Jessica\BERM DATA &amp; PROCESSING\BERM2017\PROCESSING\2017_PROCESSESING\2017_BEACH_DATA.gdb\BEACH_DATA_PROCESSING2\_Debordieu,POINT_Y,-1,-1,\\DHECCHASTN86\data\COMMON\POLICY_AND_PLANNING\Sam_Jessica\BERM DATA &amp; PROCESSING\BERM2017\PROCESSING\2017_PROCESSESING\2017_BEACH_DATA.gdb\BEACH_DATA_PROCESSING2\_Garden_City,POINT_Y,-1,-1,\\DHECCHASTN86\data\COMMON\POLICY_AND_PLANNING\Sam_Jessica\BERM DATA &amp; PROCESSING\BERM2017\PROCESSING\2017_PROCESSESING\2017_BEACH_DATA.gdb\BEACH_DATA_PROCESSING2\_North_Myrtle_Beach,POINT_Y,-1,-1,\\DHECCHASTN86\data\COMMON\POLICY_AND_PLANNING\Sam_Jessica\BERM DATA &amp; PROCESSING\BERM2017\PROCESSING\2017_PROCESSESING\2017_BEACH_DATA.gdb\BEACH_DATA_PROCESSING2\_Myrtle_Beach,POINT_Y,-1,-1,\\DHECCHASTN86\data\COMMON\POLICY_AND_PLANNING\Sam_Jessica\BERM DATA &amp; PROCESSING\BERM2017\PROCESSING\2017_PROCESSESING\2017_BEACH_DATA.gdb\BEACH_DATA_PROCESSING2\_Hunting,POINT_Y,-1,-1,\\DHECCHASTN86\data\COMMON\POLICY_AND_PLANNING\Sam_Jessica\BERM DATA &amp; PROCESSING\BERM2017\PROCESSING\2017_PROCESSESING\2017_BEACH_DATA.gdb\BEACH_DATA_PROCESSING2\_Huntington,POINT_Y,-1,-1,\\DHECCHASTN86\data\COMMON\POLICY_AND_PLANNING\Sam_Jessica\BERM DATA &amp; PROCESSING\BERM2017\PROCESSING\2017_PROCESSESING\2017_BEACH_DATA.gdb\BEACH_DATA_PROCESSING2\_Litchfield,POINT_Y,-1,-1,\\DHECCHASTN86\data\COMMON\POLICY_AND_PLANNING\Sam_Jessica\BERM DATA &amp; PROCESSING\BERM2017\PROCESSING\2017_PROCESSESING\2017_BEACH_DATA.gdb\BEACH_DATA_PROCESSING2\_Surfisde,POINT_Y,-1,-1,\\DHECCHASTN86\data\COMMON\POLICY_AND_PLANNING\Sam_Jessica\BERM DATA &amp; PROCESSING\BERM2017\PROCESSING\2017_PROCESSESING\2017_BEACH_DATA.gdb\BEACH_DATA_PROCESSING2\_Waties_Island,POINT_Y,-1,-1;STATIC_ID "STATIC_ID" true true false 4 Long 0 0 ,First,#,\\DHECCHASTN86\data\COMMON\POLICY_AND_PLANNING\Sam_Jessica\BERM DATA &amp; PROCESSING\BERM2017\PROCESSING\2017_PROCESSESING\2017_BEACH_DATA.gdb\BEACH_DATA_PROCESSING2\_Hilton_Head,STATIC_ID,-1,-1,\\DHECCHASTN86\data\COMMON\POLICY_AND_PLANNING\Sam_Jessica\BERM DATA &amp; PROCESSING\BERM2017\PROCESSING\2017_PROCESSESING\2017_BEACH_DATA.gdb\BEACH_DATA_PROCESSING2\_Fripp,STATIC_ID,-1,-1,\\DHECCHASTN86\data\COMMON\POLICY_AND_PLANNING\Sam_Jessica\BERM DATA &amp; PROCESSING\BERM2017\PROCESSING\2017_PROCESSESING\2017_BEACH_DATA.gdb\BEACH_DATA_PROCESSING2\_Harbor,STATIC_ID,-1,-1,\\DHECCHASTN86\data\COMMON\POLICY_AND_PLANNING\Sam_Jessica\BERM DATA &amp; PROCESSING\BERM2017\PROCESSING\2017_PROCESSESING\2017_BEACH_DATA.gdb\BEACH_DATA_PROCESSING2\_Edisto,STATIC_ID,-1,-1,\\DHECCHASTN86\data\COMMON\POLICY_AND_PLANNING\Sam_Jessica\BERM DATA &amp; PROCESSING\BERM2017\PROCESSING\2017_PROCESSESING\2017_BEACH_DATA.gdb\BEACH_DATA_PROCESSING2\_Seabrook,STATIC_ID,-1,-1,\\DHECCHASTN86\data\COMMON\POLICY_AND_PLANNING\Sam_Jessica\BERM DATA &amp; PROCESSING\BERM2017\PROCESSING\2017_PROCESSESING\2017_BEACH_DATA.gdb\BEACH_DATA_PROCESSING2\_Kiawah,STATIC_ID,-1,-1,\\DHECCHASTN86\data\COMMON\POLICY_AND_PLANNING\Sam_Jessica\BERM DATA &amp; PROCESSING\BERM2017\PROCESSING\2017_PROCESSESING\2017_BEACH_DATA.gdb\BEACH_DATA_PROCESSING2\_Folly,STATIC_ID,-1,-1,\\DHECCHASTN86\data\COMMON\POLICY_AND_PLANNING\Sam_Jessica\BERM DATA &amp; PROCESSING\BERM2017\PROCESSING\2017_PROCESSESING\2017_BEACH_DATA.gdb\BEACH_DATA_PROCESSING2\_Sullivans,STATIC_ID,-1,-1,\\DHECCHASTN86\data\COMMON\POLICY_AND_PLANNING\Sam_Jessica\BERM DATA &amp; PROCESSING\BERM2017\PROCESSING\2017_PROCESSESING\2017_BEACH_DATA.gdb\BEACH_DATA_PROCESSING2\_Isle_of_Palms,STATIC_ID,-1,-1,\\DHECCHASTN86\data\COMMON\POLICY_AND_PLANNING\Sam_Jessica\BERM DATA &amp; PROCESSING\BERM2017\PROCESSING\2017_PROCESSESING\2017_BEACH_DATA.gdb\BEACH_DATA_PROCESSING2\_Dewees,STATIC_ID,-1,-1,\\DHECCHASTN86\data\COMMON\POLICY_AND_PLANNING\Sam_Jessica\BERM DATA &amp; PROCESSING\BERM2017\PROCESSING\2017_PROCESSESING\2017_BEACH_DATA.gdb\BEACH_DATA_PROCESSING2\_Pawleys_Island,STATIC_ID,-1,-1,\\DHECCHASTN86\data\COMMON\POLICY_AND_PLANNING\Sam_Jessica\BERM DATA &amp; PROCESSING\BERM2017\PROCESSING\2017_PROCESSESING\2017_BEACH_DATA.gdb\BEACH_DATA_PROCESSING2\_Briarcliffe_Acres,STATIC_ID,-1,-1,\\DHECCHASTN86\data\COMMON\POLICY_AND_PLANNING\Sam_Jessica\BERM DATA &amp; PROCESSING\BERM2017\PROCESSING\2017_PROCESSESING\2017_BEACH_DATA.gdb\BEACH_DATA_PROCESSING2\_Daufuskie,STATIC_ID,-1,-1,\\DHECCHASTN86\data\COMMON\POLICY_AND_PLANNING\Sam_Jessica\BERM DATA &amp; PROCESSING\BERM2017\PROCESSING\2017_PROCESSESING\2017_BEACH_DATA.gdb\BEACH_DATA_PROCESSING2\_Debordieu,STATIC_ID,-1,-1,\\DHECCHASTN86\data\COMMON\POLICY_AND_PLANNING\Sam_Jessica\BERM DATA &amp; PROCESSING\BERM2017\PROCESSING\2017_PROCESSESING\2017_BEACH_DATA.gdb\BEACH_DATA_PROCESSING2\_Garden_City,STATIC_ID,-1,-1,\\DHECCHASTN86\data\COMMON\POLICY_AND_PLANNING\Sam_Jessica\BERM DATA &amp; PROCESSING\BERM2017\PROCESSING\2017_PROCESSESING\2017_BEACH_DATA.gdb\BEACH_DATA_PROCESSING2\_North_Myrtle_Beach,STATIC_ID,-1,-1,\\DHECCHASTN86\data\COMMON\POLICY_AND_PLANNING\Sam_Jessica\BERM DATA &amp; PROCESSING\BERM2017\PROCESSING\2017_PROCESSESING\2017_BEACH_DATA.gdb\BEACH_DATA_PROCESSING2\_Myrtle_Beach,STATIC_ID,-1,-1,\\DHECCHASTN86\data\COMMON\POLICY_AND_PLANNING\Sam_Jessica\BERM DATA &amp; PROCESSING\BERM2017\PROCESSING\2017_PROCESSESING\2017_BEACH_DATA.gdb\BEACH_DATA_PROCESSING2\_Hunting,STATIC_ID,-1,-1,\\DHECCHASTN86\data\COMMON\POLICY_AND_PLANNING\Sam_Jessica\BERM DATA &amp; PROCESSING\BERM2017\PROCESSING\2017_PROCESSESING\2017_BEACH_DATA.gdb\BEACH_DATA_PROCESSING2\_Huntington,STATIC_ID,-1,-1,\\DHECCHASTN86\data\COMMON\POLICY_AND_PLANNING\Sam_Jessica\BERM DATA &amp; PROCESSING\BERM2017\PROCESSING\2017_PROCESSESING\2017_BEACH_DATA.gdb\BEACH_DATA_PROCESSING2\_Litchfield,STATIC_ID,-1,-1,\\DHECCHASTN86\data\COMMON\POLICY_AND_PLANNING\Sam_Jessica\BERM DATA &amp; PROCESSING\BERM2017\PROCESSING\2017_PROCESSESING\2017_BEACH_DATA.gdb\BEACH_DATA_PROCESSING2\_Surfisde,STATIC_ID,-1,-1,\\DHECCHASTN86\data\COMMON\POLICY_AND_PLANNING\Sam_Jessica\BERM DATA &amp; PROCESSING\BERM2017\PROCESSING\2017_PROCESSESING\2017_BEACH_DATA.gdb\BEACH_DATA_PROCESSING2\_Waties_Island,STATIC_ID,-1,-1"</Process><Process ToolSource="c:\program files (x86)\arcgis\desktop10.6\ArcToolbox\Toolboxes\Data Management Tools.tbx\Project" Date="20190307" Time="113234">Project BERM2017_MERGEDDATA "\\DHECCHASTN86\data\COMMON\POLICY_AND_PLANNING\Sam_Jessica\BERM DATA &amp; PROCESSING\BERM2017\PROCESSING\2017_PROCESSESING\2017_BEACH_DATA_MERGED.gdb\BERM2017_POINTS\BERM2017_PTS" PROJCS['NAD_1983_2011_StatePlane_South_Carolina_FIPS_3900_Ft_Intl',GEOGCS['GCS_NAD_1983_2011',DATUM['D_NAD_1983_2011',SPHEROID['GRS_1980',6378137.0,298.257222101]],PRIMEM['Greenwich',0.0],UNIT['Degree',0.0174532925199433]],PROJECTION['Lambert_Conformal_Conic'],PARAMETER['False_Easting',2000000.0],PARAMETER['False_Northing',0.0],PARAMETER['Central_Meridian',-81.0],PARAMETER['Standard_Parallel_1',32.5],PARAMETER['Standard_Parallel_2',34.83333333333334],PARAMETER['Latitude_Of_Origin',31.83333333333333],UNIT['Foot',0.3048]] # PROJCS['NAD83_2011_South_Carolina_ft',GEOGCS['GCS_NAD_1983_2011',DATUM['D_NAD83_NATIONAL_SPATIAL_REFERENCE_SYSTEM_2011',SPHEROID['GRS_1980',6378137.0,298.257222101]],PRIMEM['Greenwich',0.0],UNIT['Degree',0.0174532925199433]],PROJECTION['Lambert_Conformal_Conic'],PARAMETER['false_easting',2000000.0],PARAMETER['false_northing',0.0],PARAMETER['central_meridian',-81.0],PARAMETER['standard_parallel_1',32.5],PARAMETER['standard_parallel_2',34.83333333333334],PARAMETER['scale_factor',1.0],PARAMETER['latitude_of_origin',31.83333333333333],UNIT['Foot (International)',0.3048]] NO_PRESERVE_SHAPE # NO_VERTICAL</Process><Process ToolSource="c:\program files (x86)\arcgis\desktop10.6\ArcToolbox\Toolboxes\Data Management Tools.tbx\CalculateField" Date="20190307" Time="113535">CalculateField BERM2017_PTS STATIC_ID !OBJECTID! PYTHON_9.3 #</Process><Process ToolSource="c:\program files (x86)\arcgis\desktop10.6\ArcToolbox\Toolboxes\Data Management Tools.tbx\AddXY" Date="20190307" Time="114352">AddXY BERM2017_PTS</Process><Process ToolSource="c:\program files (x86)\arcgis\desktop10.6\ArcToolbox\Toolboxes\Data Management Tools.tbx\CalculateField" Date="20190502" Time="085308">CalculateField BERM2017_PTS Elevation1 !ELEVATION! PYTHON_9.3 #</Process><Process ToolSource="c:\program files (x86)\arcgis\desktop10.6\ArcToolbox\Toolboxes\Data Management Tools.tbx\CalculateField" Date="20190502" Time="085700">CalculateField BERM2017_PTS Elevation !Elevation1! PYTHON_9.3 #</Process><Process ToolSource="c:\program files (x86)\arcgis\desktop10.6\ArcToolbox\Toolboxes\Conversion Tools.tbx\FeatureClassToFeatureClass" Date="20190502" Time="094447">FeatureClassToFeatureClass "J:\BERM DATA &amp; PROCESSING\BERM2017\PROCESSING\2017_PROCESSESING\2017_BEACH_DATA_MERGED.gdb\BERM2017_POINTS\BERM2017_PTS" \\gistest01vm\GisResource\data\BERM\BERM16.gdb BERM2017_PTS # "LOCATION "LOCATION" true true false 254 Text 0 0 ,First,#,J:\BERM DATA &amp; PROCESSING\BERM2017\PROCESSING\2017_PROCESSESING\2017_BEACH_DATA_MERGED.gdb\BERM2017_POINTS\BERM2017_PTS,LOCATION,-1,-1;MONUMENT "MONUMENT" true true false 254 Text 0 0 ,First,#,J:\BERM DATA &amp; PROCESSING\BERM2017\PROCESSING\2017_PROCESSESING\2017_BEACH_DATA_MERGED.gdb\BERM2017_POINTS\BERM2017_PTS,MONUMENT,-1,-1;NORTHING "NORTHING" true true false 8 Double 0 0 ,First,#,J:\BERM DATA &amp; PROCESSING\BERM2017\PROCESSING\2017_PROCESSESING\2017_BEACH_DATA_MERGED.gdb\BERM2017_POINTS\BERM2017_PTS,NORTHING,-1,-1;EASTING "EASTING" true true false 8 Double 0 0 ,First,#,J:\BERM DATA &amp; PROCESSING\BERM2017\PROCESSING\2017_PROCESSESING\2017_BEACH_DATA_MERGED.gdb\BERM2017_POINTS\BERM2017_PTS,EASTING,-1,-1;DBL "DBL" true true false 8 Double 0 0 ,First,#,J:\BERM DATA &amp; PROCESSING\BERM2017\PROCESSING\2017_PROCESSESING\2017_BEACH_DATA_MERGED.gdb\BERM2017_POINTS\BERM2017_PTS,DBL,-1,-1;YEAR "YEAR" true true false 4 Long 0 0 ,First,#,J:\BERM DATA &amp; PROCESSING\BERM2017\PROCESSING\2017_PROCESSESING\2017_BEACH_DATA_MERGED.gdb\BERM2017_POINTS\BERM2017_PTS,YEAR,-1,-1;DAY "DAY" true true false 4 Long 0 0 ,First,#,J:\BERM DATA &amp; PROCESSING\BERM2017\PROCESSING\2017_PROCESSESING\2017_BEACH_DATA_MERGED.gdb\BERM2017_POINTS\BERM2017_PTS,DAY,-1,-1;COL_DATE "COL_DATE" true true false 15 Text 0 0 ,First,#,J:\BERM DATA &amp; PROCESSING\BERM2017\PROCESSING\2017_PROCESSESING\2017_BEACH_DATA_MERGED.gdb\BERM2017_POINTS\BERM2017_PTS,COL_DATE,-1,-1;BEACH "BEACH" true true false 50 Text 0 0 ,First,#,J:\BERM DATA &amp; PROCESSING\BERM2017\PROCESSING\2017_PROCESSESING\2017_BEACH_DATA_MERGED.gdb\BERM2017_POINTS\BERM2017_PTS,BEACH,-1,-1;TRAN_ID "TRAN_ID" true true false 10 Text 0 0 ,First,#,J:\BERM DATA &amp; PROCESSING\BERM2017\PROCESSING\2017_PROCESSESING\2017_BEACH_DATA_MERGED.gdb\BERM2017_POINTS\BERM2017_PTS,TRAN_ID,-1,-1;DFM "DFM" true true false 8 Double 0 0 ,First,#,J:\BERM DATA &amp; PROCESSING\BERM2017\PROCESSING\2017_PROCESSESING\2017_BEACH_DATA_MERGED.gdb\BERM2017_POINTS\BERM2017_PTS,DFM,-1,-1;DFCP "DFCP" true true false 8 Double 0 0 ,First,#,J:\BERM DATA &amp; PROCESSING\BERM2017\PROCESSING\2017_PROCESSESING\2017_BEACH_DATA_MERGED.gdb\BERM2017_POINTS\BERM2017_PTS,DFCP,-1,-1;POINT_X "POINT_X" true true false 8 Double 0 0 ,First,#,J:\BERM DATA &amp; PROCESSING\BERM2017\PROCESSING\2017_PROCESSESING\2017_BEACH_DATA_MERGED.gdb\BERM2017_POINTS\BERM2017_PTS,POINT_X,-1,-1;POINT_Y "POINT_Y" true true false 8 Double 0 0 ,First,#,J:\BERM DATA &amp; PROCESSING\BERM2017\PROCESSING\2017_PROCESSESING\2017_BEACH_DATA_MERGED.gdb\BERM2017_POINTS\BERM2017_PTS,POINT_Y,-1,-1;STATIC_ID "STATIC_ID" true true false 4 Long 0 0 ,First,#,J:\BERM DATA &amp; PROCESSING\BERM2017\PROCESSING\2017_PROCESSESING\2017_BEACH_DATA_MERGED.gdb\BERM2017_POINTS\BERM2017_PTS,STATIC_ID,-1,-1;Elevation "Elevation" true true false 8 Double 0 0 ,First,#,J:\BERM DATA &amp; PROCESSING\BERM2017\PROCESSING\2017_PROCESSESING\2017_BEACH_DATA_MERGED.gdb\BERM2017_POINTS\BERM2017_PTS,Elevation,-1,-1" #</Process><Process Name="Select" ToolSource="c:\program files (x86)\arcgis\desktop10.6\ArcToolbox\Toolboxes\Analysis Tools.tbx\Select" Date="20190513" Time="123126">Select I_BERM2017_PTS_BEACH "L:\OFFICE DOC\BERM2017\BERM DOWNLOADS\MODEL_BUILDER\Hunting Island.shp" #</Process></lineage><itemProps><itemName Sync="TRUE">Hunting Island</itemName><imsContentType Sync="TRUE">002</imsContentType><itemLocation><linkage Sync="TRUE">file://\\coitsdatafs\users\nyarkosn\OFFICE DOC\BERM2017\BERM DOWNLOADS\ALL_BEACH_DOWNLOAD_DATA\DOWNLOADS\Hunting_Island_2017</linkage><protocol Sync="TRUE">Local Area Network</protocol></itemLocation><itemSize Sync="TRUE">0.000</itemSize></itemProps><coordRef><type Sync="TRUE">Projected</type><geogcsn Sync="TRUE">GCS_NAD_1983_2011</geogcsn><csUnits Sync="TRUE">Linear Unit: Foot (0.304800)</csUnits><projcsn Sync="TRUE">NAD_1983_2011_StatePlane_South_Carolina_FIPS_3900_Ft_Intl</projcsn><peXml Sync="TRUE">&lt;ProjectedCoordinateSystem xsi:type='typens:ProjectedCoordinateSystem' xmlns:xsi='http://www.w3.org/2001/XMLSchema-instance' xmlns:xs='http://www.w3.org/2001/XMLSchema' xmlns:typens='http://www.esri.com/schemas/ArcGIS/10.6'&gt;&lt;WKT&gt;PROJCS[&amp;quot;NAD_1983_2011_StatePlane_South_Carolina_FIPS_3900_Ft_Intl&amp;quot;,GEOGCS[&amp;quot;GCS_NAD_1983_2011&amp;quot;,DATUM[&amp;quot;D_NAD_1983_2011&amp;quot;,SPHEROID[&amp;quot;GRS_1980&amp;quot;,6378137.0,298.257222101]],PRIMEM[&amp;quot;Greenwich&amp;quot;,0.0],UNIT[&amp;quot;Degree&amp;quot;,0.0174532925199433]],PROJECTION[&amp;quot;Lambert_Conformal_Conic&amp;quot;],PARAMETER[&amp;quot;False_Easting&amp;quot;,2000000.0],PARAMETER[&amp;quot;False_Northing&amp;quot;,0.0],PARAMETER[&amp;quot;Central_Meridian&amp;quot;,-81.0],PARAMETER[&amp;quot;Standard_Parallel_1&amp;quot;,32.5],PARAMETER[&amp;quot;Standard_Parallel_2&amp;quot;,34.83333333333334],PARAMETER[&amp;quot;Latitude_Of_Origin&amp;quot;,31.83333333333333],UNIT[&amp;quot;Foot&amp;quot;,0.3048],AUTHORITY[&amp;quot;EPSG&amp;quot;,6570]]&lt;/WKT&gt;&lt;XOrigin&gt;-122907600&lt;/XOrigin&gt;&lt;YOrigin&gt;-92800700&lt;/YOrigin&gt;&lt;XYScale&gt;36055449.207017787&lt;/XYScale&gt;&lt;ZOrigin&gt;-100000&lt;/ZOrigin&gt;&lt;ZScale&gt;10000&lt;/ZScale&gt;&lt;MOrigin&gt;-100000&lt;/MOrigin&gt;&lt;MScale&gt;10000&lt;/MScale&gt;&lt;XYTolerance&gt;0.0032808398950131233&lt;/XYTolerance&gt;&lt;ZTolerance&gt;0.001&lt;/ZTolerance&gt;&lt;MTolerance&gt;0.001&lt;/MTolerance&gt;&lt;HighPrecision&gt;true&lt;/HighPrecision&gt;&lt;WKID&gt;103146&lt;/WKID&gt;&lt;LatestWKID&gt;6570&lt;/LatestWKID&gt;&lt;/ProjectedCoordinateSystem&gt;</peXml></coordRef><copyHistory><copy source="L:\OFFICE DOC\BERM2017\BERM DOWNLOADS\ALL_BEACH_DOWNLOAD_DATA\Hunting_Island_2017" dest="\\coitsdatafs\users\nyarkosn\OFFICE DOC\BERM2017\BERM DOWNLOADS\ALL_BEACH_DOWNLOAD_DATA\DOWNLOADS\Hunting_Island_2017" date="20190515" time="08442700"></copy></copyHistory></DataProperties><SyncDate>20190513</SyncDate><SyncTime>12305100</SyncTime><ModDate>20190513</ModDate><ModTime>12305100</ModTime></Esri><dataIdInfo><envirDesc Sync="TRUE"> Version 6.2 (Build 9200) ; Esri ArcGIS 10.6.1.9270</envirDesc><dataLang><languageCode value="eng" Sync="TRUE"></languageCode><countryCode value="USA" Sync="TRUE"></countryCode></dataLang><idCitation><resTitle Sync="TRUE">Hunting Island</resTitle><presForm><PresFormCd value="005" Sync="TRUE"></PresFormCd></presForm></idCitation><spatRpType><SpatRepTypCd value="001" Sync="TRUE"></SpatRepTypCd></spatRpType></dataIdInfo><mdLang><languageCode value="eng" Sync="TRUE"></languageCode><countryCode value="USA" Sync="TRUE"></countryCode></mdLang><distInfo><distFormat><formatName Sync="TRUE">Shapefile</formatName></distFormat><distTranOps><transSize Sync="TRUE">0.000</transSize></distTranOps></distInfo><mdHrLv><ScopeCd value="005" Sync="TRUE"></ScopeCd></mdHrLv><mdHrLvName Sync="TRUE">dataset</mdHrLvName><refSysInfo><RefSystem><refSysID><identCode code="6570" Sync="TRUE"></identCode><idCodeSpace Sync="TRUE">EPSG</idCodeSpace><idVersion Sync="TRUE">8.2.10(10.3.1)</idVersion></refSysID></RefSystem></refSysInfo><spatRepInfo><VectSpatRep><geometObjs Name="Hunting Island"><geoObjTyp><GeoObjTypCd value="004" Sync="TRUE"></GeoObjTypCd></geoObjTyp><geoObjCnt Sync="TRUE">0</geoObjCnt></geometObjs><topLvl><TopoLevCd value="001" Sync="TRUE"></TopoLevCd></topLvl></VectSpatRep></spatRepInfo><spdoinfo><ptvctinf><esriterm Name="Hunting Island"><efeatyp Sync="TRUE">Simple</efeatyp><efeageom code="1" Sync="TRUE"></efeageom><esritopo Sync="TRUE">FALSE</esritopo><efeacnt Sync="TRUE">0</efeacnt><spindex Sync="TRUE">FALSE</spindex><linrefer Sync="TRUE">FALSE</linrefer></esriterm></ptvctinf></spdoinfo><eainfo><detailed Name="Hunting Island"><enttyp><enttypl Sync="TRUE">Hunting Island</enttypl><enttypt Sync="TRUE">Feature Class</enttypt><enttypc Sync="TRUE">0</enttypc></enttyp><attr><attrlabl Sync="TRUE">FID</attrlabl><attalias Sync="TRUE">FID</attalias><attrtype Sync="TRUE">OID</attrtype><attwidth Sync="TRUE">4</attwidth><atprecis Sync="TRUE">0</atprecis><attscale Sync="TRUE">0</attscale><attrdef Sync="TRUE">Internal feature number.</attrdef><attrdefs Sync="TRUE">Esri</attrdefs><attrdomv><udom Sync="TRUE">Sequential unique whole numbers that are automatically generated.</udom></attrdomv></attr><attr><attrlabl Sync="TRUE">Shape</attrlabl><attalias Sync="TRUE">Shape</attalias><attrtype Sync="TRUE">Geometry</attrtype><attwidth Sync="TRUE">0</attwidth><atprecis Sync="TRUE">0</atprecis><attscale Sync="TRUE">0</attscale><attrdef Sync="TRUE">Feature geometry.</attrdef><attrdefs Sync="TRUE">Esri</attrdefs><attrdomv><udom Sync="TRUE">Coordinates defining the features.</udom></attrdomv></attr><attr><attrlabl Sync="TRUE">LOCATION</attrlabl><attalias Sync="TRUE">LOCATION</attalias><attrtype Sync="TRUE">String</attrtype><attwidth Sync="TRUE">254</attwidth><atprecis Sync="TRUE">0</atprecis><attscale Sync="TRUE">0</attscale></attr><attr><attrlabl Sync="TRUE">MONUMENT</attrlabl><attalias Sync="TRUE">MONUMENT</attalias><attrtype Sync="TRUE">String</attrtype><attwidth Sync="TRUE">254</attwidth><atprecis Sync="TRUE">0</atprecis><attscale Sync="TRUE">0</attscale></attr><attr><attrlabl Sync="TRUE">NORTHING</attrlabl><attalias Sync="TRUE">NORTHING</attalias><attrtype Sync="TRUE">Double</attrtype><attwidth Sync="TRUE">19</attwidth><atprecis Sync="TRUE">0</atprecis><attscale Sync="TRUE">0</attscale></attr><attr><attrlabl Sync="TRUE">EASTING</attrlabl><attalias Sync="TRUE">EASTING</attalias><attrtype Sync="TRUE">Double</attrtype><attwidth Sync="TRUE">19</attwidth><atprecis Sync="TRUE">0</atprecis><attscale Sync="TRUE">0</attscale></attr><attr><attrlabl Sync="TRUE">ELEVATION</attrlabl><attalias Sync="TRUE">Elevation</attalias><attrtype Sync="TRUE">Double</attrtype><attwidth Sync="TRUE">19</attwidth><atprecis Sync="TRUE">0</atprecis><attscale Sync="TRUE">0</attscale></attr><attr><attrlabl Sync="TRUE">DBL</attrlabl><attalias Sync="TRUE">DBL</attalias><attrtype Sync="TRUE">Double</attrtype><attwidth Sync="TRUE">19</attwidth><atprecis Sync="TRUE">0</atprecis><attscale Sync="TRUE">0</attscale></attr><attr><attrlabl Sync="TRUE">YEAR</attrlabl><attalias Sync="TRUE">YEAR</attalias><attrtype Sync="TRUE">Integer</attrtype><attwidth Sync="TRUE">10</attwidth><atprecis Sync="TRUE">10</atprecis><attscale Sync="TRUE">0</attscale></attr><attr><attrlabl Sync="TRUE">DAY</attrlabl><attalias Sync="TRUE">DAY</attalias><attrtype Sync="TRUE">Integer</attrtype><attwidth Sync="TRUE">10</attwidth><atprecis Sync="TRUE">10</atprecis><attscale Sync="TRUE">0</attscale></attr><attr><attrlabl Sync="TRUE">COL_DATE</attrlabl><attalias Sync="TRUE">COL_DATE</attalias><attrtype Sync="TRUE">String</attrtype><attwidth Sync="TRUE">15</attwidth><atprecis Sync="TRUE">0</atprecis><attscale Sync="TRUE">0</attscale></attr><attr><attrlabl Sync="TRUE">BEACH</attrlabl><attalias Sync="TRUE">BEACH</attalias><attrtype Sync="TRUE">String</attrtype><attwidth Sync="TRUE">50</attwidth><atprecis Sync="TRUE">0</atprecis><attscale Sync="TRUE">0</attscale></attr><attr><attrlabl Sync="TRUE">TRAN_ID</attrlabl><attalias Sync="TRUE">TRAN_ID</attalias><attrtype Sync="TRUE">String</attrtype><attwidth Sync="TRUE">10</attwidth><atprecis Sync="TRUE">0</atprecis><attscale Sync="TRUE">0</attscale></attr><attr><attrlabl Sync="TRUE">DFM</attrlabl><attalias Sync="TRUE">DFM</attalias><attrtype Sync="TRUE">Double</attrtype><attwidth Sync="TRUE">19</attwidth><atprecis Sync="TRUE">0</atprecis><attscale Sync="TRUE">0</attscale></attr><attr><attrlabl Sync="TRUE">DFCP</attrlabl><attalias Sync="TRUE">DFCP</attalias><attrtype Sync="TRUE">Double</attrtype><attwidth Sync="TRUE">19</attwidth><atprecis Sync="TRUE">0</atprecis><attscale Sync="TRUE">0</attscale></attr><attr><attrlabl Sync="TRUE">POINT_X</attrlabl><attalias Sync="TRUE">POINT_X</attalias><attrtype Sync="TRUE">Double</attrtype><attwidth Sync="TRUE">19</attwidth><atprecis Sync="TRUE">0</atprecis><attscale Sync="TRUE">0</attscale></attr><attr><attrlabl Sync="TRUE">POINT_Y</attrlabl><attalias Sync="TRUE">POINT_Y</attalias><attrtype Sync="TRUE">Double</attrtype><attwidth Sync="TRUE">19</attwidth><atprecis Sync="TRUE">0</atprecis><attscale Sync="TRUE">0</attscale></attr><attr><attrlabl Sync="TRUE">STATIC_ID</attrlabl><attalias Sync="TRUE">STATIC_ID</attalias><attrtype Sync="TRUE">Integer</attrtype><attwidth Sync="TRUE">10</attwidth><atprecis Sync="TRUE">10</atprecis><attscale Sync="TRUE">0</attscale></attr></detailed></eainfo><mdDateSt Sync="TRUE">20190513</mdDateSt></metadata>
